Timestamp,Team Name (Must be the same as the NUEL website),Deck 1 Pilot IGN,Deck 1 List,Deck 2 Pilot IGN,Deck 2 List,Deck 3 Pilot IGN,Deck 3 List
2/29/2020 17:14:43,test,test,test,test,test,test,test
2/29/2020 20:56:28,SecondPickBear,Ninassin#49901,"Deck
2 Tymaret, Chosen from Death (THB) 119
3 Ayara, First of Locthwain (ELD) 75
21 Swamp (ELD) 261
4 Yarok's Fenlurker (M20) 123
4 Castle Locthwain (ELD) 241
3 Murderous Rider (ELD) 97
4 Nightmare Shepherd (THB) 108
2 Drag to the Underworld (THB) 89
4 Gray Merchant of Asphodel (THB) 99
1 Bolas's Citadel (WAR) 79
4 Witch's Oven (ELD) 237
4 Cauldron Familiar (ELD) 81
2 Deathless Knight (ELD) 208
2 Midnight Reaper (GRN) 77

Sideboard
4 Duress (M19) 94
4 Noxious Grasp (M20) 110
2 Epic Downfall (ELD) 85
2 Pharika's Libation (THB) 111
1 Liliana, Dreadhorde General (WAR) 97
2 Tymaret, Chosen from Death (THB) 119
",Taka43#76082,"Deck
4 Teferi, Time Raveler (WAR) 221
1 Ashiok, Nightmare Muse (THB) 208
4 Golden Egg (ELD) 220
2 Thought Erasure (GRN) 206
3 Shatter the Sky (THB) 37
3 Dance of the Manse (ELD) 186
3 Banishing Light (THB) 4
4 Doom Foretold (ELD) 187
4 Omen of the Sea (THB) 58
3 Treacherous Blessing (THB) 117
4 Oath of Kaya (WAR) 209
1 Castle Ardenvale (ELD) 238
1 Castle Vantress (ELD) 242
4 Godless Shrine (RNA) 248
4 Hallowed Fountain (RNA) 251
1 Island (ANA) 57
3 Plains (ANA) 56
1 Swamp (ANA) 58
2 Temple of Deceit (THB) 245
2 Temple of Silence (M20) 256
2 Temple of Enlightenment (THB) 246
4 Watery Grave (GRN) 259

Sideboard
2 Cry of the Carnarium (RNA) 70
2 Devout Decree (M20) 13
3 Dovin's Veto (WAR) 193
2 Elspeth's Nightmare (THB) 91
2 Agonising remorse (THB) 83
2 Thought Erasure (GRN) 206
2 Absorb (RNA) 151
",GreyClatter#13422   ,"Deck
3 Scorch Spitter (M20) 159
9 Forest (THB) 287
3 Return to Nature (ELD) 173
4 Gruul Spellbreaker (RNA) 179
9 Mountain (THB) 285
3 Incubation Druid (RNA) 131
3 Pelt Collector (GRN) 141
3 Questing Beast (ELD) 171
3 Domri, Anarch of Bolas (WAR) 191
2 Stomping Ground (RNA) 259
3 Klothys, God of Destiny (THB) 220
4 Rhythm of the Wild (RNA) 201
4 Domri's Ambush (WAR) 192
4 Fabled Passage (ELD) 244
3 Torbran, Thane of Red Fell (ELD) 147

Sideboard
2 Fry (M20) 140
3 Shifting Ceratops (M20) 194
3 Thrashing Brontodon (M20) 197
4 Sunder Shaman (RNA) 210
3 Cindervines (RNA) 161
"
2/29/2020 23:18:32,Greenwich Royals,Modarr#43299,"Deck
3 Gadwick, the Wizened (ELD) 48
9 Island (ELD) 257
4 Bonecrusher Giant (ELD) 115
4 Mountain (ELD) 265
4 Brazen Borrower (ELD) 39
4 Brineborn Cutthroat (M20) 50
2 Essence Capture (RNA) 37
2 Spectral Sailor (M20) 76
2 Negate (RIX) 44
1 Ionize (GRN) 179
3 Quench (RNA) 48
2 Verity Circle (RNA) 58
3 Ral's Outburst (WAR) 212
3 Opt (ELD) 59
4 Steam Vents (GRN) 257
1 Temple of Epiphany (M20) 253
4 Fabled Passage (ELD) 244
2 Castle Vantress (ELD) 242
3 Sinister Sabotage (GRN) 54

Sideboard
1 Jace, Wielder of Mysteries (WAR) 54
2 Chandra, Awakened Inferno (M20) 127
2 Sorcerous Spyglass (ELD) 233
3 Aether Gust (M20) 42
2 Tale's End (M20) 77
3 Grafdigger's Cage (M20) 227
1 Meteor Golem (M19) 241
1 Commence the Endgame (WAR) 45
",Scaredy Kat#95812,"Deck
1 Erebos, Bleak-Hearted (THB) 93
24 Swamp (THB) 283
1 Finale of Eternity (WAR) 91
4 Knight of the Ebon Legion (M20) 105
2 Child of Night (GRN) 65
4 Cauldron Familiar (ELD) 81
4 Witch's Oven (ELD) 237
4 Vampire of the Dire Moon (M20) 120
2 Vindictive Vampire (RNA) 90
1 Bankrupt in Blood (RNA) 62
1 Lazotep Reaver (WAR) 96
3 Bloodthirsty Aerialist (M20) 91
1 Bolas's Citadel (WAR) 79
3 Murder (M20) 109
2 Thirsting Bloodlord (M20) 293
3 Sorin's Thirst (M20) 325",Tech#96284,"Deck
4 All That Glitters (ELD) 2
16 Plains (ELD) 250
4 Gingerbrute (ELD) 219
4 Prison Realm (WAR) 26
4 Locthwain Gargoyle (ELD) 225
2 Gideon Blackblade (WAR) 13
4 Fortifying Provisions (ELD) 13
2 Salvager of Ruin (M20) 237
4 Steel Overseer (M20) 239
4 Crashing Drawbridge (ELD) 217
4 Flutterfox (ELD) 12
4 Idyllic Grange (ELD) 246
4 Trapped in the Tower (ELD) 33

Sideboard
3 Take Vengeance (M19) 40
1 Pacifism (M20) 32"
3/1/2020 15:08:12,FieldsBadMan,Cardinal#52203,"4 Anax, Hardened in the Forge (THB) 125
4 Bonecrusher Giant (ELD) 115
4 Castle Embereth (ELD) 239
3 Embercleave (ELD) 120
4 Fervent Champion (ELD) 124
4 Light Up the Stage (RNA) 107
18 Mountain (ANA) 64
4 Rimrock Knight (ELD) 137
4 Robber of the Rich (ELD) 138
4 Runaway Steam-Kin (GRN) 115
4 Scorch Spitter (M20) 159
3 Torbran, Thane of Red Fell (ELD) 147

2 Chandra, Acolyte of Flame (M20) 126
1 Experimental Frenzy (GRN) 99
4 Lava Coil (GRN) 108
3 Redcap Melee (ELD) 135
1 Tibalt, Rakish Instigator (WAR) 146
4 Unchained Berserker (M20) 164",ThunderShock68#74203,"Deck
2 Hydroid Krasis (RNA) 183
4 Brazen Borrower (ELD) 39
3 Uro, Titan of Nature's Wrath (THB) 229
4 Storm's Wrath (THB) 157
4 Expansion // Explosion (GRN) 224
4 Growth Spiral (RNA) 178
4 Thassa's Intervention (THB) 72
4 Opt (XLN) 65
4 Wilderness Reclamation (RNA) 149
4 Breeding Pool (RNA) 246
2 Castle Vantress (ELD) 242
2 Fabled Passage (ELD) 244
2 Forest (ELD) 266
2 Island (ELD) 254
1 Mountain (ELD) 262
4 Steam Vents (GRN) 257
4 Stomping Ground (RNA) 259
1 Temple of Abandon (THB) 244
3 Temple of Epiphany (M20) 253
2 Temple of Mystery (M20) 255

Sideboard
2 Hydroid Krasis (RNA) 183
2 Aether Gust (M20) 42
2 Fry (M20) 140
3 Scorching Dragonfire (ELD) 139
2 Flame Sweep (M20) 139
4 Negate (RIX) 44ThunderShock68#74203",Jlobblet#96974,"Deck
2 Narset, Parter of Veils (WAR) 61
4 Teferi, Time Raveler (WAR) 221
1 Archon of Sun's Grace (THB) 3
2 Dream Trawler (THB) 214
4 Shatter the Sky (THB) 37
4 Absorb (RNA) 151
2 Dovin's Veto (WAR) 193
3 Thirst for Meaning (THB) 74
2 Banishing Light (THB) 4
3 Elspeth Conquers Death (THB) 13
4 Omen of the Sea (THB) 58
4 The Birth of Meletis (THB) 5
3 Castle Ardenvale (ELD) 238
1 Field of Ruin (THB) 242
4 Hallowed Fountain (RNA) 251
4 Plains (THB) 250
9 Island (THB) 251
4 Temple of Enlightenment (THB) 246

Sideboard
1 Archon of Sun's Grace (THB) 3
1 Dovin's Veto (WAR) 193
4 Mystical Dispute (ELD) 58
4 Cerulean Drake (M20) 53
1 Commence the Endgame (WAR) 45
1 Elspeth, Sun's Nemesis (THB) 14
2 Glass Casket (ELD) 15
1 Heliod's Intervention (THB) 19
"
3/1/2020 16:23:53,Geists of St Andrews,MessedThoughts#85415,"Deck
4 Teferi, Time Raveler (WAR) 221
8 Island (THB) 251
4 Elspeth Conquers Death (THB) 13
4 Shatter the Sky (THB) 37
4 Absorb (RNA) 151
1 Field of Ruin (THB) 242
2 Dovin's Veto (WAR) 193
2 Dream Trawler (THB) 214
4 Temple of Enlightenment (THB) 246
4 Hallowed Fountain (RNA) 251
4 Castle Ardenvale (ELD) 238
2 Narset, Parter of Veils (WAR) 61
4 Omen of the Sea (THB) 58
2 Banishing Light (THB) 4
3 The Birth of Meletis (THB) 5
4 Plains (THB) 250
1 Archon of Sun's Grace (THB) 3
2 Thirst for Meaning (THB) 74
1 Elspeth, Sun's Nemesis (THB) 14

Sideboard
4 Aether Gust (M20) 42
1 Narset, Parter of Veils (WAR) 61
1 Dawn of Hope (GRN) 8
2 Cerulean Drake (M20) 53
3 Devout Decree (M20) 13
2 Archon of Sun's Grace (THB) 3
1 Heliod's Intervention (THB) 19
1 Dovin's Veto (WAR) 193
",robson#35944,"4 Brazen Borrower (ELD) 39
2 Hydroid Krasis (RNA) 183
3 Uro, Titan of Nature's Wrath (THB) 229
2 Forest (ELD) 266
2 Island (ELD) 254
2 Mountain (ELD) 262
4 Breeding Pool (RNA) 246
2 Fabled Passage (ELD) 244
2 Castle Vantress (ELD) 242
4 Steam Vents (GRN) 257
4 Stomping Ground (RNA) 259
2 Temple of Abandon (THB) 244
2 Temple of Epiphany (M20) 253
2 Temple of Mystery (M20) 255
1 Legion Warboss (GRN) 109
4 Wilderness Reclamation (RNA) 149
4 Expansion // Explosion (GRN) 224
4 Growth Spiral (RNA) 178
2 Opt (XLN) 65
1 Scorching Dragonfire (ELD) 139
4 Thassa's Intervention (THB) 72
3 Storm's Wrath (THB) 157

Sideboard
2 Nightpack Ambusher (M20) 185
1 Storm's Wrath (THB) 157
1 Fry (M20) 140
2 Chandra's Pyrohelix (WAR) 120
2 Negate (RIX) 44
2 Mystical Dispute (ELD) 58
2 Return to Nature (WAR) 175
1 Scorching Dragonfire (ELD) 139
1 Niv-Mizzet, Parun (GRN) 192
1 Chandra, Awakened Inferno (M20) 127",Yatsu#36935,"Deck
4 Bonecrusher Giant (ELD) 115
18 Mountain (THB) 253
4 Fervent Champion (ELD) 124
4 Rimrock Knight (ELD) 137
4 Runaway Steam-Kin (GRN) 115
4 Scorch Spitter (M20) 159
3 Torbran, Thane of Red Fell (ELD) 147
4 Anax, Hardened in the Forge (THB) 125
3 Castle Embereth (ELD) 239
4 Robber of the Rich (ELD) 138
4 Embercleave (ELD) 120
4 Light Up the Stage (RNA) 107

Sideboard
4 Unchained Berserker (M20) 164
1 Experimental Frenzy (GRN) 99
1 Tibalt, Rakish Instigator (WAR) 146
4 Lava Coil (GRN) 108
3 Redcap Melee (ELD) 135
2 Chandra, Acolyte of Flame (M20) 126"
3/1/2020 16:24:30,Jundee,Dryden#89114 ,"Deck
4 Teferi, Time Raveler (WAR) 221
5 Plains (ELD) 250
2 Mystical Dispute (ELD) 58
3 Elspeth Conquers Death (THB) 13
3 Shatter the Sky (THB) 37
4 Absorb (RNA) 151
3 Thirst for Meaning (THB) 74
1 Field of Ruin (XLN) 254
3 Dovin's Veto (WAR) 193
1 Dream Trawler (THB) 214
4 Temple of Enlightenment (THB) 246
4 Hallowed Fountain (RNA) 251
3 Castle Ardenvale (ELD) 238
2 Narset, Parter of Veils (WAR) 61
4 Omen of the Sea (THB) 58
2 Banishing Light (THB) 4
3 The Birth of Meletis (THB) 5
1 Archon of Sun's Grace (THB) 3
8 Island (ELD) 254

Sideboard
1 Glass Casket (ELD) 15
2 Archon of Sun's Grace (THB) 3
4 Aether Gust (M20) 42
1 Dovin's Veto (WAR) 193
2 Mystical Dispute (ELD) 58
1 Narset, Parter of Veils (WAR) 61
1 Elspeth, Sun's Nemesis (THB) 14
2 Cerulean Drake (M20) 53
1 Heliod's Intervention (THB) 19", cbir#44508 ,"Deck
5 Forest (ELD) 266
1 Mountain (ELD) 262
3 Swamp (ELD) 258
4 Gilded Goose (ELD) 160
4 Cauldron Familiar (ELD) 81
4 Witch's Oven (ELD) 237
2 Wicked Wolf (ELD) 181
2 Casualties of War (WAR) 187
3 Agonizing Remorse (THB) 83
3 Korvold, Fae-Cursed King (ELD) 329
1 Massacre Girl (WAR) 99
4 Trail of Crumbs (ELD) 179
4 Overgrown Tomb (GRN) 253
4 Stomping Ground (RNA) 259
4 Blood Crypt (RNA) 245
3 Fabled Passage (ELD) 244
1 Castle Locthwain (ELD) 241
4 Mayhem Devil (WAR) 204
2 Murderous Rider (ELD) 97
2 Woe Strider (THB) 123

Sideboard
2 Massacre Girl (WAR) 99
2 Epic Downfall (ELD) 85
1 Agonizing Remorse (THB) 83
3 Redcap Melee (ELD) 135
1 Klothys, God of Destiny (THB) 220
3 Noxious Grasp (M20) 110
1 Casualties of War (WAR) 187
2 Angrath's Rampage (WAR) 185", Rafflesia#77600 ,"Deck
4 Arboreal Grazer (WAR) 149
4 Paradise Druid (WAR) 171
4 Hydroid Krasis (RNA) 183
3 Uro, Titan of Nature's Wrath (THB) 229
1 Questing Beast (ELD) 171
1 Spark Double (WAR) 68
4 Cavalier of Thorns (M20) 167
1 End-Raze Forerunners (RNA) 124
4 Growth Spiral (RNA) 178
2 Finale of Devastation (WAR) 160
4 Nissa, Who Shakes the World (WAR) 169
10 Forest (ELD) 266
5 Island (ELD) 254
4 Breeding Pool (RNA) 246
4 Temple of Mystery (M20) 255
2 Castle Garenbrig (ELD) 240
2 Castle Vantress (ELD) 242
1 Blast Zone (WAR) 244

Sideboard
4 Shifting Ceratops (M20) 194
1 Negate (RIX) 44
2 Disdainful Stroke (GRN) 37
1 Once and Future (ELD) 168
3 Return to Nature (WAR) 175
1 Sorcerous Spyglass (XLN) 248
3 Voracious Hydra (M20) 200"
3/1/2020 16:32:33,Teesside's Finest,ApexSayers#33464,"Deck
4 Teferi, Time Raveler (WAR) 221
4 Plains (THB) 250
2 Mystical Dispute (ELD) 58
3 Elspeth Conquers Death (THB) 13
3 Shatter the Sky (THB) 37
4 Absorb (RNA) 151
3 Thirst for Meaning (THB) 74
1 Field of Ruin (THB) 242
3 Dovin's Veto (WAR) 193
1 Dream Trawler (THB) 214
4 Temple of Enlightenment (THB) 246
4 Hallowed Fountain (RNA) 251
1 Castle Vantress (ELD) 242
3 Castle Ardenvale (ELD) 238
2 Narset, Parter of Veils (WAR) 61
4 Omen of the Sea (THB) 58
2 Banishing Light (THB) 4
3 The Birth of Meletis (THB) 5
1 Archon of Sun's Grace (THB) 3
8 Island (THB) 251

Sideboard
1 Glass Casket (ELD) 15
2 Archon of Sun's Grace (THB) 3
4 Aether Gust (M20) 42
1 Dovin's Veto (WAR) 193
2 Mystical Dispute (ELD) 58
1 Narset, Parter of Veils (WAR) 61
2 Commence the Endgame (WAR) 45
2 Cerulean Drake (M20) 53",TableLeg23#72554,"Deck
4 Fervent Champion (ELD) 124
4 Scorch Spitter (M20) 159
4 Rimrock Knight (ELD) 137
4 Robber of the Rich (ELD) 138
4 Runaway Steam-Kin (GRN) 115
4 Bonecrusher Giant (ELD) 115
4 Anax, Hardened in the Forge (THB) 125
4 Light Up the Stage (RNA) 107
3 Torbran, Thane of Red Fell (ELD) 147
3 Embercleave (ELD) 120
4 Castle Embereth (ELD) 239
18 Mountain (ELD) 262

Sideboard
4 Lava Coil (GRN) 108
3 Redcap Melee (ELD) 135
4 Unchained Berserker (M20) 164
2 Chandra, Acolyte of Flame (M20) 126
1 Tibalt, Rakish Instigator (WAR) 146
1 Experimental Frenzy (GRN) 99
",Kvatt#65104,"1 Ashiok, Nightmare Muse (THB) 208
4 Breeding Pool (RNA) 246
2 Casualties of War (WAR) 187
4 Fabled Passage (ELD) 244
2 Forest (ELD) 266
4 Growth Spiral (RNA) 178
4 Hydroid Krasis (RNA) 183
2 Island (ELD) 254
2 Liliana, Dreadhorde General (WAR) 97
2 Nissa, Who Shakes the World (WAR) 169
4 Overgrown Tomb (GRN) 253
4 Paradise Druid (WAR) 171
2 Swamp (ELD) 258
1 Tamiyo, Collector of Tales (WAR) 220
2 Temple of Malady (M20) 254
3 Temple of Mystery (M20) 255
4 Thought Erasure (GRN) 206
2 Tyrant's Scorn (WAR) 225
4 Uro, Titan of Nature's Wrath (THB) 229
1 Vraska, Golgari Queen (GRN) 213
1 Vraska, Golgari Queen (GRN) GR8
4 Watery Grave (GRN) 259
1 Garruk, Cursed Huntsman (ELD) 191

Sideboard
2 Agonizing Remorse (THB) 83
1 Casualties of War (WAR) 187
2 Lovestruck Beast (ELD) 165
2 Thief of Sanity (GRN) 205
2 Noxious Grasp (M20) 110
2 Ritual of Soot (GRN) 84
4 Unmoored Ego (GRN) 212"
3/1/2020 16:37:15,Leicester Golden-Tails,fish.#23042 ,"Deck
2 Dream Trawler (THB) 214
2 Narset, Parter of Veils (WAR) 61
4 Teferi, Time Raveler (WAR) 221
3 Dovin's Veto (WAR) 193
4 Absorb (RNA) 151
1 Mystical Dispute (ELD) 58
3 Thirst for Meaning (THB) 74
3 Shatter the Sky (THB) 37
4 Omen of the Sea (THB) 58
3 The Birth of Meletis (THB) 5
2 Banishing Light (THB) 4
4 Elspeth Conquers Death (THB) 13
3 Castle Ardenvale (ELD) 238
1 Castle Vantress (ELD) 242
1 Field of Ruin (XLN) 254
4 Hallowed Fountain (RNA) 251
4 Temple of Enlightenment (THB) 246
8 Island (THB) 251
4 Plains (THB) 250

Sideboard
2 Spectral Sailor (M20) 76
4 Aether Gust (M20) 42
2 Cerulean Drake (M20) 53
1 Dovin's Veto (WAR) 193
1 Heliod's Intervention (THB) 19
3 Mystical Dispute (ELD) 58
1 Narset, Parter of Veils (WAR) 61
1 Dream Trawler (THB) 214",Acelgof#96481 ,"Deck
4 Temple Garden (GRN) 258
8 Forest (ELD) 266
9 Plains (ELD) 250
3 Conclave Tribunal (GRN) 6
4 Flower // Flourish (GRN) 226
4 Venerated Loxodon (GRN) 30
4 Faerie Guidemother (ELD) 11
2 Flaxen Intruder (ELD) 155
2 Shepherd of the Flock (ELD) 28
4 Edgewall Innkeeper (ELD) 151
1 March of the Multitudes (GRN) 188
2 Gideon Blackblade (WAR) 13
2 Giant Killer (ELD) 14
4 Lovestruck Beast (ELD) 165
4 Questing Beast (ELD) 171
2 The Great Henge (ELD) 161
1 Nylea, Keen-Eyed (THB) 185

Sideboard
4 Knight of Autumn (GRN) 183
2 Giant Killer (ELD) 14
3 Devout Decree (M20) 13
2 Unbreakable Formation (RNA) 29
2 March of the Multitudes (GRN) 188
2 Glass Casket (ELD) 15",Chedi#96239 ,"Deck
4 Alseid of Life's Bounty (THB) 1
5 Forest (THB) 254
4 Sentinel's Eyes (THB) 36
4 All That Glitters (ELD) 2
2 Transcendent Envoy (THB) 40
4 Warbriar Blessing (THB) 204
5 Plains (THB) 279
4 Setessan Champion (THB) 198
4 Karametra's Blessing (THB) 26
4 Season of Growth (M20) 191
4 Paradise Druid (WAR) 171
4 Setessan Training (THB) 201
2 Temple of Plenty (THB) 248
4 Blossoming Sands (M20) 243
2 Starfield Mystic (M20) 39
4 Fabled Passage (ELD) 244

Sideboard
3 Destiny Spinner (THB) 168
3 Return to Nature (ELD) 173
2 Once and Future (ELD) 168
2 Prison Realm (WAR) 26
3 Hushbringer (ELD) 18
2 Pacifism (M20) 32"
3/1/2020 16:52:59,UEA Wizards,jess_camp#25100,"Deck
3 Dream Trawler (THB) 214
4 Absorb (RNA) 151
2 Castle Ardenvale (ELD) 238
3 Castle Vantress (ELD) 242
2 Temple of Enlightenment (THB) 246
2 Hallowed Fountain (RNA) 251
8 Plains (ELD) 250
8 Island (ELD) 254
4 Teferi, Time Raveler (WAR) 221
1 Time Wipe (WAR) 223
2 Glass Casket (ELD) 15
4 The Birth of Meletis (THB) 5
3 Omen of the Sea (THB) 58
4 Narset, Parter of Veils (WAR) 61
4 Shatter the Sky (THB) 37
4 Elspeth Conquers Death (THB) 13
1 Dovin's Veto (WAR) 193
1 Archon of Sun's Grace (THB) 3

Sideboard
1 Commence the Endgame (WAR) 45
4 Mystical Dispute (ELD) 58
2 Cerulean Drake (M20) 53
2 Dovin's Veto (WAR) 193
4 Devout Decree (M20) 13
1 Banishing Light (THB) 4
1 Heliod's Intervention (THB) 19",TheChristorian#55706,"4 Beanstalk Giant (ELD) 149
4 Bonecrusher Giant (ELD) 115
4 Brazen Borrower (ELD) 39
4 Edgewall Innkeeper (ELD) 151
4 Fae of Wishes (ELD) 44
4 Lovestruck Beast (ELD) 165
3 Escape to the Wilds (ELD) 189
1 Incubation // Incongruity (RNA) 226
4 Lucky Clover (ELD) 226
1 The Great Henge (ELD) 161
4 Breeding Pool (RNA) 246
6 Forest (ELD) 266
4 Island (ELD) 254
2 Mountain (ELD) 262
3 Steam Vents (GRN) 257
4 Stomping Ground (RNA) 259
1 Temple of Epiphany (M20) 253
3 Temple of Mystery (M20) 255

Sideboard
2 Aether Gust (M20) 42
1 Chandra, Awakened Inferno (M20) 127
1 Domri's Ambush (WAR) 192
1 Fling (ELD) 126
1 Mystic Repeal (THB) 180
1 Negate (M20) 69
1 Escape to the Wilds (ELD) 189
1 Once and Future (ELD) 168
1 Mass Manipulation (RNA) 42
1 Return to Nature (WAR) 175
1 Shadowspear (THB) 236
1 Sorcerous Spyglass (ELD) 233
1 Storm's Wrath (THB) 157
1 Scorching Dragonfire (ELD) 139", TakeFiveUEA#81914,"Deck
4 Runaway Steam-Kin (GRN) 115
4 Light Up the Stage (RNA) 107
4 Scorch Spitter (M20) 159
4 Robber of the Rich (ELD) 138
4 Embercleave (ELD) 120
4 Fervent Champion (ELD) 124
4 Rimrock Knight (ELD) 137
4 Torbran, Thane of Red Fell (ELD) 147
4 Castle Embereth (ELD) 239
4 Anax, Hardened in the Forge (THB) 125
16 Mountain (THB) 253
4 Shock (M20) 160

Sideboard
1 Experimental Frenzy (GRN) 99
4 Lava Coil (GRN) 108
2 Chandra, Acolyte of Flame (M20) 126
4 Unchained Berserker (M20) 164
3 Redcap Melee (ELD) 135
1 Tibalt, Rakish Instigator (WAR) 146"
3/1/2020 17:26:31,Baleful SusStrix,jev#47458,"Deck
4 Arboreal Grazer (WAR) 149
4 Breeding Pool (RNA) 246
2 Casualties of War (WAR) 187
4 Fabled Passage (ELD) 244
2 Forest (THB) 287
4 Growth Spiral (RNA) 178
4 Hydroid Krasis (RNA) 183
2 Island (THB) 281
1 Liliana, Dreadhorde General (WAR) 97
4 Nissa, Who Shakes the World (WAR) 169
4 Overgrown Tomb (GRN) 253
2 Swamp (THB) 283
2 Tamiyo, Collector of Tales (WAR) 220
2 Temple of Malady (M20) 254
3 Temple of Mystery (M20) 255
4 Thought Erasure (GRN) 206
3 Tyrant's Scorn (WAR) 225
3 Uro, Titan of Nature's Wrath (THB) 229
2 Vraska, Golgari Queen (GRN) 213
4 Watery Grave (GRN) 259

Sideboard
3 Agonizing Remorse (THB) 83
1 Casualties of War (WAR) 187
4 Lovestruck Beast (ELD) 165
3 Quench (RNA) 48
1 Noxious Grasp (M20) 110
2 Ritual of Soot (GRN) 84
1 The Elderspell (WAR) 89",FAVDASH#31607,"4 Anax, Hardened in the Forge
4 Bonecrusher Giant
4 Castle Embereth
3 Embercleave
4 Fervent Champion
4 Light Up the Stage
18 Mountain
4 Rimrock Knight
4 Robber of the Rich
4 Runaway Steam-Kin
4 Scorch Spitter
3 Torbran, Thane of Red Fell

2 Chandra, Acolyte of Flame
1 Experimental Frenzy
4 Lava Coil
3 Redcap Melee
1 Tibalt, Rakish Instigator
4 Unchained Berserker",Phixed#78398,"Deck
4 Teferi, Time Raveler (WAR) 221
4 Plains (ELD) 250
8 Island (ELD) 254
2 Mystical Dispute (ELD) 58
3 Elspeth Conquers Death (THB) 13
3 Shatter the Sky (THB) 37
4 Absorb (RNA) 151
3 Thirst for Meaning (THB) 74
1 Field of Ruin (THB) 242
3 Dovin's Veto (WAR) 193
1 Dream Trawler (THB) 214
4 Temple of Enlightenment (THB) 246
4 Hallowed Fountain (RNA) 251
1 Castle Vantress (ELD) 242
3 Castle Ardenvale (ELD) 238
2 Narset, Parter of Veils (WAR) 61
4 Omen of the Sea (THB) 58
2 Banishing Light (THB) 4
3 The Birth of Meletis (THB) 5
1 Archon of Sun's Grace (THB) 3

Sideboard
1 Glass Casket (ELD) 15
2 Archon of Sun's Grace (THB) 3
4 Aether Gust (M20) 42
1 Dovin's Veto (WAR) 193
2 Mystical Dispute (ELD) 58
1 Narset, Parter of Veils (WAR) 61
2 Commence the Endgame (WAR) 45
2 Cerulean Drake (M20) 53"
3/1/2020 17:29:11,Bath to Exile,JoshE#18663,"Deck
4 Cauldron Familiar (ELD) 81
4 Gilded Goose (ELD) 160
1 God-Eternal Bontu (WAR) 92
4 Korvold, Fae-Cursed King (ELD) 329
1 Massacre Girl (WAR) 99
4 Mayhem Devil (WAR) 204
2 Thrashing Brontodon (RIX) 148
2 Agonizing Remorse (THB) 83
2 Assassin's Trophy (GRN) 152
3 Eat to Extinction (THB) 90
4 Witch's Oven (ELD) 237
4 Trail of Crumbs (ELD) 179
4 Blood Crypt (RNA) 245
1 Castle Locthwain (ELD) 241
4 Fabled Passage (ELD) 244
5 Forest (ELD) 266
1 Mountain (ELD) 262
4 Overgrown Tomb (GRN) 253
4 Stomping Ground (RNA) 259
2 Swamp (ELD) 258

Sideboard
1 Massacre Girl (WAR) 99
1 Casualties of War (WAR) 187
2 Duress (XLN) 105
2 Epic Downfall (ELD) 85
2 Legion's End (M20) 106
1 Liliana, Dreadhorde General (WAR) 97
2 Lovestruck Beast (ELD) 165
2 Noxious Grasp (M20) 110
2 Vraska, Golgari Queen (GRN) 213",ThatOneEpicGamer#40357,"Deck
4 Fervent Champion (ELD) 124
4 Scorch Spitter (M20) 159
4 Rimrock Knight (ELD) 137
4 Robber of the Rich (ELD) 138
4 Runaway Steam-Kin (GRN) 115
4 Bonecrusher Giant (ELD) 115
4 Anax, Hardened in the Forge (THB) 125
4 Light Up the Stage (RNA) 107
3 Torbran, Thane of Red Fell (ELD) 147
3 Embercleave (ELD) 120
3 Castle Embereth (ELD) 239
19 Mountain (ELD) 262

Sideboard
4 Lava Coil (GRN) 108
3 Redcap Melee (ELD) 135
4 Unchained Berserker (M20) 164
2 Chandra, Acolyte of Flame (M20) 126
1 Tibalt, Rakish Instigator (WAR) 146
1 Experimental Frenzy (GRN) 99",Echaen#46875,"Deck
4 Nissa, Who Shakes the World (WAR) 169
2 Island (MIR) 336
2 Mystical Dispute (ELD) 58
2 Narset, Parter of Veils (WAR) 61
2 Knight of Autumn (GRN) 183
3 Forest (MIR) 347
2 Tamiyo, Collector of Tales (WAR) 220
4 Teferi, Time Raveler (WAR) 221
2 Temple of Enlightenment (THB) 246
2 Temple of Plenty (THB) 248
4 Temple of Mystery (M20) 255
4 Temple Garden (GRN) 258
4 Hallowed Fountain (RNA) 251
4 Breeding Pool (RNA) 246
3 Uro, Titan of Nature's Wrath (THB) 229
3 Elspeth Conquers Death (THB) 13
3 Hydroid Krasis (RNA) 183
3 Growth Spiral (RNA) 178
1 Dream Trawler (THB) 214
3 Shatter the Sky (THB) 37
2 Plains (MIR) 331
1 Castle Vantress (ELD) 242

Sideboard
3 Aether Gust (M20) 42
3 Disdainful Stroke (GRN) 37
2 Mystical Dispute (ELD) 58
1 Dream Trawler (THB) 214
3 Devout Decree (M20) 13
3 Shifting Ceratops (M20) 194"
3/1/2020 17:36:37,Chi Gatewatch,JackelBat#93394 ,"Deck
4 Bonecrusher Giant (ELD) 115
3 Domri's Ambush (WAR) 192
3 Embercleave (ELD) 120
10 Forest (ELD) 269
1 Gallia of the Endless Dance (THB) 217
4 Gruul Spellbreaker (RNA) 179
2 Klothys, God of Destiny (THB) 220
2 Lovestruck Beast (ELD) 165
10 Mountain (ELD) 265
3 Paradise Druid (WAR) 171
4 Pelt Collector (GRN) 141
4 Questing Beast (ELD) 171
4 Stomping Ground (RNA) 259
4 Zhur-Taa Goblin (RNA) 215
2 Samut's Sprint (WAR) 142

Sideboard
2 Cindervines (RNA) 161
1 Domri's Ambush (WAR) 192
2 Mystic Repeal (THB) 180
2 Return to Nature (ELD) 173
2 Shifting Ceratops (M20) 194
2 Grafdigger's Cage (M20) 227
2 Redcap Melee (ELD) 135
1 Nylea's Intervention (THB) 188
1 Furious Rise (THB) 136
",GoldDigger#75817 ,"Deck
4 Irencrag Pyromancer (ELD) 128
9 Mountain (ELD) 265
4 Improbable Alliance (ELD) 193
8 Island (ELD) 257
3 Niv-Mizzet, Parun (GRN) 192
2 The Royal Scions (ELD) 199
3 Brazen Borrower (ELD) 39
4 Crackling Drake (GRN) 163
4 Opt (ELD) 59
4 Shock (M19) 156
3 Thrill of Possibility (ELD) 146
3 Radical Idea (GRN) 52
2 Lava Coil (GRN) 108
4 Izzet Guildgate (GRN) 251
3 Steam Vents (GRN) 257

Sideboard
1 Frogify (ELD) 47
2 Mantle of Tides (ELD) 52
2 Merchant of the Vale (ELD) 131
3 Demolish (WAR) 123
1 Ionize (GRN) 179
3 Goblin Electromancer (GRN) 174
2 League Guildmage (GRN) 185
1 Firemind's Research (GRN) 171",ChainsNZ#82181,"Deck
1 Thassa's Intervention (THB) 72
1 Bedevil (RNA) 157
2 Cry of the Carnarium (RNA) 70
2 Enter the God-Eternals (WAR) 196
2 Ritual of Soot (GRN) 84
3 Ashiok, Nightmare Muse (THB) 208
3 Angrath's Rampage (WAR) 185
3 Narset, Parter of Veils (WAR) 61
3 Nicol Bolas, Dragon-God (WAR) 207
3 Omen of the Sea (THB) 58
4 Thought Erasure (GRN) 206
2 Atris, Oracle of Half-Truths (THB) 209
3 Kroxa, Titan of Death's Hunger (THB) 221
2 Temple of Malice (THB) 247
1 Castle Locthwain (ELD) 241
1 Mountain (THB) 285
4 Temple of Epiphany (M20) 253
2 Temple of Deceit (THB) 245
2 Fabled Passage (ELD) 244
2 Island (THB) 281
3 Swamp (THB) 283
4 Blood Crypt (RNA) 245
4 Watery Grave (GRN) 259
3 Tyrant's Scorn (WAR) 225

Sideboard
2 Atris, Oracle of Half-Truths (THB) 209
2 Negate (M20) 69
3 Mystical Dispute (ELD) 58
1 Ashiok, Dream Render (WAR) 228
2 Noxious Grasp (M20) 110
2 Pharika's Libation (THB) 111
1 Liliana, Dreadhorde General (WAR) 97
1 The Elderspell (WAR) 89
1 Enter the God-Eternals (WAR) 196"
3/1/2020 17:50:08,#KillDaxos,Daedalus#59035,"Deck
4 Fervent Champion (ELD) 124
2 Infuriate (THB) 141
4 Runaway Steam-Kin (GRN) 115
3 Light Up the Stage (RNA) 107
19 Mountain (THB) 253
2 Tin Street Dodger (RNA) 120
2 Robber of the Rich (ELD) 138
3 Embercleave (ELD) 120
4 Anax, Hardened in the Forge (THB) 125
2 Infuriate (M20) 145
2 Castle Embereth (ELD) 239
4 Scorch Spitter (M20) 159
3 Shock (M20) 160
3 Torbran, Thane of Red Fell (ELD) 147
3 Bonecrusher Giant (ELD) 115

Sideboard
4 Embereth Shieldbreaker (ELD) 122
2 Fry (M20) 140
3 Redcap Melee (ELD) 135
4 Lava Coil (GRN) 108
2 Claim the Firstborn (ELD) 118
",Ed_C#34159,"Deck
4 Nissa, Who Shakes the World (WAR) 169
4 Teferi, Time Raveler (WAR) 221
3 Arboreal Grazer (WAR) 149
3 Dream Trawler (THB) 214
3 Hydroid Krasis (RNA) 183
3 Uro, Titan of Nature's Wrath (THB) 229
2 Shatter the Sky (THB) 37
4 Growth Spiral (RNA) 178
2 Elspeth Conquers Death (THB) 13
4 Breeding Pool (RNA) 246
2 Fabled Passage (ELD) 244
5 Forest (ELD) 266
1 Island (ELD) 254
1 Plains (ELD) 250
4 Temple Garden (GRN) 258
1 Temple of Enlightenment (THB) 246
4 Temple of Mystery (M20) 255
1 Temple of Plenty (THB) 248
1 Time Wipe (WAR) 223
4 Tranquil Cove (M20) 259
1 Blossoming Sands (M20) 243
2 Knight of Autumn (GRN) 183
1 Thornwood Falls (M20) 258

Sideboard
1 Shifting Ceratops (M20) 194
4 Devout Decree (M20) 13
3 Dovin's Veto (WAR) 193
1 Realm-Cloaked Giant (ELD) 26
3 Mystical Dispute (ELD) 58
3 Nadir Kraken (THB) 55",Jaamy#40813,"2 Healer's Hawk (GRN) 14
6 Island (ELD) 257
2 Hushbringer (ELD) 18
2 Rally of Wings (WAR) 27
2 Archon of Absolution (ELD) 3
1 Sephara, Sky's Blade (M20) 36
4 Spectral Sailor (M20) 76
7 Plains (ELD) 253
2 Threnody Singer (THB) 75
3 Warden of Evos Isle (M20) 79
4 Winged Words (M20) 80
4 Empyrean Eagle (M20) 208
2 Unsummon (M20) 78
2 Negate (M20) 69
4 Opt (ELD) 59
4 Hallowed Fountain (RNA) 251
2 Castle Vantress (ELD) 242
2 Brazen Borrower (ELD) 39
2 Staggering Insight (THB) 228
1 Windstorm Drake (RNA) 60
2 Evolving Wilds (M20) 246

Sideboard
1 Sephara, Sky's Blade (M20) 36
3 Prison Realm (WAR) 26
2 Aether Gust (M20) 42
2 Hushbringer (ELD) 18
1 Citywide Bust (GRN) 4
2 Disenchant (M20) 14
2 Unbreakable Formation (RNA) 29"
3/1/2020 17:50:42,Cambridge Splinter Triplets,PSozzy#22285,"Deck
36 Persistent Petitioners (RNA) 44
24 Island (THB) 281",Chamber Jr#11962,"Deck
1 Elspeth, Sun's Nemesis (THB) 14
3 Narset, Parter of Veils (WAR) 61
4 Teferi, Time Raveler (WAR) 221
2 Brazen Borrower (ELD) 39
3 Dream Trawler (THB) 214
4 Shatter the Sky (THB) 37
4 Absorb (RNA) 151
2 Dovin's Veto (WAR) 193
1 Glass Casket (ELD) 15
3 Elspeth Conquers Death (THB) 13
4 Omen of the Sea (THB) 58
4 The Birth of Meletis (THB) 5
3 Castle Ardenvale (ELD) 238
2 Castle Vantress (ELD) 242
4 Hallowed Fountain (RNA) 251
7 Island (ELD) 254
5 Plains (ELD) 250
4 Temple of Enlightenment (THB) 246

Sideboard
1 Dovin's Veto (WAR) 193
3 Aether Gust (M20) 42
2 Archon of Sun's Grace (THB) 3
2 Commence the Endgame (WAR) 45
3 Devout Decree (M20) 13
1 Heliod's Intervention (THB) 19
3 Mystical Dispute (ELD) 58
",Falcoso#20765,"Deck
18 Mountain (ELD) 265
4 Scorch Spitter (M20) 159
2 Shock (M20) 160
4 Cavalcade of Calamity (RNA) 95
2 Lava Coil (GRN) 108
2 Chandra, Acolyte of Flame (M20) 126
4 Chandra's Spitfire (M20) 132
3 Torbran, Thane of Red Fell (ELD) 147
3 Dwarven Mine (ELD) 243
2 Light Up the Stage (RNA) 107
4 Fervent Champion (ELD) 124
3 Torch Courier (GRN) 119
1 Risk Factor (GRN) 113
1 Tin Street Dodger (RNA) 120
2 Castle Embereth (ELD) 239
1 Krenko, Tin Street Kingpin (WAR) 137
3 Anax, Hardened in the Forge (THB) 125
1 Legion Warboss (GRN) 109

Sideboard
2 Embereth Shieldbreaker (ELD) 122
2 Reckless Air Strike (M20) 154
3 Fry (M20) 140
1 Lava Coil (GRN) 108
4 Unchained Berserker (M20) 164
3 Redcap Melee (ELD) 135"
3/1/2020 17:55:37,Manchester Hive,Tobysaurus#28627,"3 Thassa's Intervention (THB) 72
3 Quench (RNA) 48
4 Frilled Mystic (RNA) 174
2 Hydroid Krasis (RNA) 183
4 Breeding Pool (RNA) 246
4 Nissa, Who Shakes the World (WAR) 169
3 Paradise Druid (WAR) 171
2 Aether Gust (M20) 42
4 Nightpack Ambusher (M20) 185
2 Brazen Borrower (ELD) 39
2 Mystical Dispute (ELD) 58
2 Fabled Passage (ELD) 244
9 Island (THB) 251
1 Negate (M20) 69
9 Forest (THB) 254
4 Uro, Titan of Nature's Wrath (THB) 229
2 Temple of Mystery (M20) 255

Sideboard
2 Aether Gust (M20) 42
4 Lovestruck Beast (ELD) 165
2 Mystical Dispute (ELD) 58
2 Sorcerous Spyglass (ELD) 233
2 Negate (M20) 69
3 Shifting Ceratops (M20) 194",Mortarion#96461,"Deck
4 Teferi, Time Raveler (WAR) 221
7 Island (ANA) 57
5 Plains (ANA) 56
2 Castle Vantress (ELD) 242
3 Castle Ardenvale (ELD) 238
4 Hallowed Fountain (RNA) 251
3 Elspeth Conquers Death (THB) 13
4 Omen of the Sea (THB) 58
4 Absorb (RNA) 151
1 Banishing Light (THB) 4
2 Dovin's Veto (WAR) 193
4 The Birth of Meletis (THB) 5
4 Shatter the Sky (THB) 37
1 Field of Ruin (THB) 242
3 Dream Trawler (THB) 214
4 Narset, Parter of Veils (WAR) 61
4 Temple of Enlightenment (THB) 246
1 Glass Casket (ELD) 15

Sideboard
2 Cerulean Drake (M20) 53
3 Devout Decree (M20) 13
1 Banishing Light (THB) 4
2 Dovin's Veto (WAR) 193
2 Glass Casket (ELD) 15
1 Commence the Endgame (WAR) 45
1 Archon of Sun's Grace (THB) 3
1 Heliod's Intervention (THB) 19
2 Gideon Blackblade (WAR) 13",HelpfulVirus#95307,"Deck
4 Fervent Champion (ELD) 124
17 Mountain (THB) 253
4 Scorch Spitter (M20) 159
4 Rimrock Knight (ELD) 137
4 Runaway Steam-Kin (GRN) 115
4 Anax, Hardened in the Forge (THB) 125
4 Bonecrusher Giant (ELD) 115
3 Torbran, Thane of Red Fell (ELD) 147
4 Light Up the Stage (RNA) 107
4 Embercleave (ELD) 120
4 Castle Embereth (ELD) 239
4 Robber of the Rich (ELD) 138

Sideboard
4 Lava Coil (GRN) 108
4 Unchained Berserker (M20) 164
1 Tibalt, Rakish Instigator (WAR) 146
2 Experimental Frenzy (GRN) 99
4 Redcap Melee (ELD) 135"
3/1/2020 17:56:02,DMU Trackers,Tr3vology#95414,"Deck
4 Teferi, Time Raveler (WAR) 221
3 Plains (MIR) 331
7 Island (MIR) 336
3 Elspeth Conquers Death (THB) 13
3 Shatter the Sky (THB) 37
4 Absorb (RNA) 151
1 Field of Ruin (THB) 242
3 Dovin's Veto (WAR) 193
1 Dream Trawler (THB) 214
4 Temple of Enlightenment (THB) 246
4 Hallowed Fountain (RNA) 251
3 Castle Ardenvale (ELD) 238
2 Narset, Parter of Veils (WAR) 61
4 Omen of the Sea (THB) 58
2 Banishing Light (THB) 4
3 The Birth of Meletis (THB) 5
2 Fabled Passage (ELD) 244
1 Archon of Sun's Grace (THB) 3
1 Castle Vantress (ELD) 242
2 Mystical Dispute (ELD) 58
3 Thirst for Meaning (THB) 74

Sideboard
1 Glass Casket (ELD) 15
2 Archon of Sun's Grace (THB) 3
2 Mystical Dispute (ELD) 58
1 Dovin's Veto (WAR) 193
1 Narset, Parter of Veils (WAR) 61
2 Commence the Endgame (WAR) 45
2 Cerulean Drake (M20) 53
4 Aether Gust (M20) 42
",SmashPotato#45150,"Deck
3 Steam Vents (GRN) 257
1 Incubation // Incongruity (RNA) 226
4 Breeding Pool (RNA) 246
4 Stomping Ground (RNA) 259
1 Temple of Epiphany (M20) 253
1 Temple of Mystery (M20) 255
4 Brazen Borrower (ELD) 39
4 Fae of Wishes (ELD) 44
4 Bonecrusher Giant (ELD) 115
4 Beanstalk Giant (ELD) 149
4 Edgewall Innkeeper (ELD) 151
1 The Great Henge (ELD) 161
4 Lovestruck Beast (ELD) 165
3 Escape to the Wilds (ELD) 189
4 Lucky Clover (ELD) 226
2 Temple of Abandon (THB) 244
4 Island (THB) 281
2 Mountain (THB) 285
6 Forest (THB) 287

Sideboard
1 Disdainful Stroke (GRN) 37
1 Domri's Ambush (WAR) 192
2 Negate (M20) 69
1 Chandra, Awakened Inferno (M20) 127
1 Fling (ELD) 126
1 Once and Future (ELD) 168
1 Escape to the Wilds (ELD) 189
1 Sorcerous Spyglass (ELD) 233
1 Storm's Wrath (THB) 157
1 Mystic Repeal (THB) 180
3 Return to Nature (THB) 197
1 Shadowspear (THB) 236",VoidKingdom#96629,"Deck
4 Runaway Steam-Kin (GRN) 115
4 Light Up the Stage (RNA) 107
4 Scorch Spitter (M20) 159
4 Ember Hauler (M20) 137
3 Embercleave (ELD) 120
4 Fervent Champion (ELD) 124
4 Rimrock Knight (ELD) 137
3 Torbran, Thane of Red Fell (ELD) 147
3 Castle Embereth (ELD) 239
4 Anax, Hardened in the Forge (THB) 125
19 Mountain (THB) 253
4 Robber of the Rich (ELD) 138

Sideboard
1 Experimental Frenzy (GRN) 99
4 Unchained Berserker (M20) 164
3 Redcap Melee (ELD) 135
1 Tibalt, Rakish Instigator (WAR) 146
2 Chandra, Acolyte of Flame (M20) 126
4 Lava Coil (GRN) 108"
3/1/2020 17:57:42,Kenteferi,Jamatt12#66804,"Deck
4 Castle Embereth (ELD) 239
4 Fervent Champion (ELD) 124
18 Mountain (MIR) 346
4 Bonecrusher Giant (ELD) 115
4 Tin Street Dodger (RNA) 120
4 Robber of the Rich (ELD) 138
4 Rimrock Knight (ELD) 137
4 Runaway Steam-Kin (GRN) 115
4 Anax, Hardened in the Forge (THB) 125
4 Light Up the Stage (RNA) 107
3 Torbran, Thane of Red Fell (ELD) 147
3 Embercleave (ELD) 120

Sideboard
4 Unchained Berserker (M20) 164
4 Lava Coil (GRN) 108
3 Redcap Melee (ELD) 135
2 Tibalt, Rakish Instigator (WAR) 146
2 Experimental Frenzy (GRN) 99",PlsNerfThis#31324,"Deck
4 Stomping Ground (RNA) 259
4 Creeping Trailblazer (M20) 207
7 Forest (THB) 254
5 Mountain (THB) 253
2 Growth Spiral (RNA) 178
2 Omnath, Locus of the Roil (M20) 216
5 Island (THB) 251
3 Leafkin Druid (M20) 178
3 Overgrowth Elemental (M20) 187
2 Nyxbloom Ancient (THB) 190
2 Cavalier of Thorns (M20) 167
2 Nissa, Who Shakes the World (WAR) 169
4 Risen Reef (M20) 217
1 Chandra, Acolyte of Flame (M20) 126
2 Scorch Spitter (M20) 159
3 Scampering Scorcher (M20) 158
2 Chandra, Awakened Inferno (M20) 127
2 Hydroid Krasis (RNA) 183
1 Steam Vents (GRN) 257
1 Temple of Epiphany (M20) 253
3 Fabled Passage (ELD) 244",Jelly_McMuffin#64863,"Deck
2 Wildborn Preserver (ELD) 182
4 Brazen Borrower (ELD) 39
4 Brineborn Cutthroat (M20) 50
4 Frilled Mystic (RNA) 174
4 Nightpack Ambusher (M20) 185
3 Spectral Sailor (M20) 76
2 Essence Capture (RNA) 37
3 Opt (ELD) 59
3 Quench (RNA) 48
4 Sinister Sabotage (GRN) 54
4 Mystical Dispute (ELD) 58
4 Breeding Pool (RNA) 246
3 Temple of Mystery (M20) 255
6 Forest (ELD) 266
7 Island (ELD) 254
3 Simic Guildgate (RNA) 258

Sideboard
4 Aether Gust (M20) 42
4 Shifting Ceratops (M20) 194
2 Wildborn Preserver (ELD) 182
3 Negate (M20) 69
2 Callous Dismissal (WAR) 44"
3/1/2020 17:57:53,LJMU,Shippiddge#00708,"Deck
5 Plains (THB) 250
4 Shatter the Sky (THB) 37
1 Kiora Bests the Sea God (THB) 52
2 Dream Trawler (THB) 214
4 Temple of Enlightenment (THB) 246
2 Castle Ardenvale (ELD) 238
2 Banishing Light (THB) 4
4 Hallowed Fountain (RNA) 251
3 The Birth of Meletis (THB) 5
4 Absorb (RNA) 151
4 Teferi, Time Raveler (WAR) 221
2 Castle Vantress (ELD) 242
2 Thirst for Meaning (THB) 74
1 Blast Zone (WAR) 244
5 Island (THB) 251
4 Omen of the Sea (THB) 58
1 Labyrinth of Skophos (THB) 243
1 Archon of Sun's Grace (THB) 3
1 Elspeth, Sun's Nemesis (THB) 14
2 Narset, Parter of Veils (WAR) 61
2 Elspeth Conquers Death (THB) 13
1 Field of Ruin (THB) 242
1 Mystical Dispute (ELD) 58
2 Dovin's Veto (WAR) 193

Sideboard
1 Heliod's Intervention (THB) 19
1 Nadir Kraken (THB) 55
2 Devout Decree (M20) 13
2 Cerulean Drake (M20) 53
2 Archon of Sun's Grace (THB) 3
2 Dovin's Veto (WAR) 193
2 Mystical Dispute (ELD) 58
3 Aether Gust (M20) 42
",Dismas#02997,"Deck
4 Edgewall Innkeeper (ELD) 151
11 Forest (ELD) 266
4 Foulmire Knight (ELD) 90
1 Garruk, Cursed Huntsman (ELD) 191
4 Lovestruck Beast (ELD) 165
2 Midnight Reaper (GRN) 77
4 Murderous Rider (ELD) 97
1 Nissa, Who Shakes the World (WAR) 169
3 Order of Midnight (ELD) 99
4 Overgrown Tomb (GRN) 253
4 Paradise Druid (WAR) 171
4 Questing Beast (ELD) 171
2 Rankle, Master of Pranks (ELD) 101
10 Swamp (ELD) 258
2 Vivien, Arkbow Ranger (M20) 199

Sideboard
4 Agonizing Remorse (THB) 83
1 Assassin's Trophy (GRN) 152
1 Legion's End (M20) 106
2 Thrashing Brontodon (RIX) 148
1 Liliana, Dreadhorde General (WAR) 97
2 Noxious Grasp (M20) 110
1 Cavalier of Night (M20) 94
1 Garruk, Cursed Huntsman (ELD) 191
2 Kraul Harpooner (GRN) 136",Snuffle#20346,"Deck
4 Castle Embereth (ELD) 239
18 Mountain (M20) 274
4 Anax, Hardened in the Forge (THB) 125
4 Bonecrusher Giant (ELD) 115
4 Fervent Champion (ELD) 124
4 Rimrock Knight (ELD) 137
4 Robber of the Rich (ELD) 138
4 Runaway Steam-Kin (GRN) 115
4 Scorch Spitter (M20) 159
3 Torbran, Thane of Red Fell (ELD) 147
4 Light Up the Stage (RNA) 107
3 Embercleave (ELD) 120

Sideboard
1 Tibalt, Rakish Instigator (WAR) 146
2 Embereth Shieldbreaker (ELD) 122
4 Lava Coil (GRN) 108
1 Experimental Frenzy (GRN) 99
3 Redcap Melee (ELD) 135
4 Unchained Berserker (M20) 164"
3/1/2020 17:58:36,Swansea Storm,Jcg#00194,"Deck
4 Fervent Champion (ELD) 124
4 Scorch Spitter (M20) 159
4 Rimrock Knight (ELD) 137
3 Robber of the Rich (ELD) 138
4 Runaway Steam-Kin (GRN) 115
1 Shock (M20) 160
4 Anax, Hardened in the Forge (THB) 125
4 Light Up the Stage (RNA) 107
3 Torbran, Thane of Red Fell (ELD) 147
1 Embercleave (ELD) 120
4 Castle Embereth (ELD) 239
18 Mountain (ELD) 262
2 Lava Coil (GRN) 108
2 Chandra, Awakened Inferno (M20) 127
2 Bonecrusher Giant (ELD) 115

Sideboard
2 Lava Coil (GRN) 108
3 Redcap Melee (ELD) 135
4 Unchained Berserker (M20) 164
2 Chandra, Acolyte of Flame (M20) 126
1 Tibalt, Rakish Instigator (WAR) 146
1 Experimental Frenzy (GRN) 99
1 Shock (M19) 156
1 Shock (M20) 160
",ELOwoozle#46858,"2 The First Iroan Games (THB) 170
9 Plains (ELD) 250
3 Heliod, Sun-Crowned (THB) 18
6 Forest (ELD) 269
4 Alseid of Life's Bounty (THB) 1
3 Daxos, Blessed by the Sun (THB) 9
4 Season of Growth (M20) 191
4 Sentinel's Eyes (THB) 36
3 Karametra's Blessing (THB) 26
3 Banishing Light (THB) 4
4 Temple Garden (GRN) 258
3 Temple of Plenty (THB) 248
4 Setessan Champion (THB) 198
4 Bronzehide Lion (THB) 210
4 Angelic Gift (M20) 5

Sideboard
2 Heliod's Intervention (THB) 19
3 Revoke Existence (THB) 34
3 Prison Realm (WAR) 26
2 Setessan Training (THB) 201
2 Shatter the Sky (THB) 37",Dr_Razz#37315,"2 Swamp (AKH) 262
1 Mountain (AKH) 264
4 Forest (AKH) 267
4 Overgrown Tomb (GRN) 253
3 Assassin's Trophy (GRN) 152
4 Stomping Ground (RNA) 259
4 Blood Crypt (RNA) 245
2 Liliana, Dreadhorde General (WAR) 97
4 Mayhem Devil (WAR) 204
2 Massacre Girl (WAR) 99
3 Thrashing Brontodon (M20) 197
4 Gilded Goose (ELD) 160
3 Korvold, Fae-Cursed King (ELD) 329
4 Witch's Oven (ELD) 237
4 Trail of Crumbs (ELD) 179
4 Cauldron Familiar (ELD) 81
1 Castle Locthwain (ELD) 241
4 Fabled Passage (ELD) 244
3 Agonizing Remorse (THB) 83

2 Epic Downfall (ELD) 85
3 Duress (M20) 97
2 Eat to Extinction (THB) 90
2 Noxious Grasp (M20) 110
2 Shifting Ceratops (M20) 194
2 Casualties of War (WAR) 187
2 Lovestruck Beast // Heart's Desire (ELD) 165
"
3/1/2020 18:01:05,Sheffield of Ruin,ArthurJP#67091,"Deck
3 Nissa, Who Shakes the World (WAR) 169
4 Growth Spiral (RNA) 178
1 Thassa, Deep-Dwelling (THB) 71
1 Agent of Treachery (M20) 43
2 Arboreal Grazer (WAR) 149
4 Cavalier of Thorns (M20) 167
3 Questing Beast (ELD) 171
3 Uro, Titan of Nature's Wrath (THB) 229
4 Risen Reef (M20) 217
4 Leafkin Druid (M20) 178
3 Hydroid Krasis (RNA) 183
2 Blast Zone (WAR) 244
2 Fabled Passage (ELD) 244
2 Castle Vantress (ELD) 242
2 Castle Garenbrig (ELD) 240
3 Island (THB) 281
4 Breeding Pool (RNA) 246
4 Temple of Mystery (M20) 255
8 Forest (THB) 287
1 Quasiduplicate (GRN) 51

Sideboard
3 Mystical Dispute (ELD) 58
3 Lovestruck Beast (ELD) 165
4 Aether Gust (M20) 42
3 Voracious Hydra (M20) 200
2 Shifting Ceratops (M20) 194",liutinghao#16861,"Deck
2 Dream Trawler (THB) 214
4 Narset, Parter of Veils (WAR) 61
4 Teferi, Time Raveler (WAR) 221
8 Island (THB) 251
4 Plains (THB) 250
3 Castle Ardenvale (ELD) 238
2 Field of Ruin (XLN) 254
4 Hallowed Fountain (RNA) 251
4 Temple of Enlightenment (THB) 246
4 Elspeth Conquers Death (THB) 13
4 Omen of the Sea (THB) 58
4 The Birth of Meletis (THB) 5
4 Absorb (RNA) 151
1 Chemister's Insight (GRN) 32
4 Dovin's Veto (WAR) 193
4 Shatter the Sky (THB) 37

Sideboard
2 Heliod's Intervention (THB) 19
2 Archon of Sun's Grace (THB) 3
4 Devout Decree (M20) 13
1 Jace, Wielder of Mysteries (WAR) 54
4 Whirlwind Denial (THB) 81
2 Negate (M20) 69",Jdap#91670,"Deck
4 Castle Embereth (ELD) 239
18 Mountain (RTR) 265
3 Embercleave (ELD) 120
3 Torbran, Thane of Red Fell (ELD) 147
4 Anax, Hardened in the Forge (THB) 125
4 Bonecrusher Giant (ELD) 115
4 Light Up the Stage (RNA) 107
4 Fervent Champion (ELD) 124
4 Scorch Spitter (M20) 159
4 Rimrock Knight (ELD) 137
4 Runaway Steam-Kin (GRN) 115
4 Robber of the Rich (ELD) 138

Sideboard
3 Lava Coil (GRN) 108
2 Tibalt, Rakish Instigator (WAR) 146
3 Redcap Melee (ELD) 135
1 Experimental Frenzy (GRN) 99
1 Chandra, Acolyte of Flame (M20) 126
4 Unchained Berserker (M20) 164
1 The Akroan War (THB) 124"
3/1/2020 18:02:26,Oko for trade?,Greedylax#97056,"Deck
4 Absorb (RNA) 151
1 Archon of Sun's Grace (THB) 3
2 Banishing Light (THB) 4
3 Dovin's Veto (WAR) 193
1 Dream Trawler (THB) 214
3 Elspeth Conquers Death (THB) 13
1 Field of Ruin (THB) 242
4 Hallowed Fountain (RNA) 251
9 Island (THB) 281
2 Sinister Sabotage (GRN) 54
2 Narset, Parter of Veils (WAR) 61
4 Omen of the Sea (THB) 58
7 Plains (THB) 279
2 Time Wipe (WAR) 223
4 Teferi, Time Raveler (WAR) 221
2 Tranquil Cove (M20) 259
3 The Birth of Meletis (THB) 5
3 Thirst for Meaning (THB) 74
1 Shatter the Sky (THB) 37
2 Temple of Enlightenment (THB) 246

Sideboard
1 Archon of Sun's Grace (THB) 3
2 Cerulean Drake (M20) 53
2 Commence the Endgame (WAR) 45
1 Dovin's Veto (WAR) 193
2 Glass Casket (ELD) 15
2 Sinister Sabotage (GRN) 54
2 Narset, Parter of Veils (WAR) 61
1 Dream Trawler (THB) 214
1 Time Wipe (WAR) 223
1 Whirlwind Denial (THB) 81",Jaykeedwell#50071,"Deck
4 Brazen Borrower (ELD) 39
4 Breeding Pool (RNA) 246
2 Castle Vantress (ELD) 242
4 Expansion // Explosion (GRN) 224
2 Fabled Passage (ELD) 244
2 Forest (THB) 287
4 Growth Spiral (RNA) 178
2 Hydroid Krasis (RNA) 183
2 Island (THB) 281
1 Mountain (THB) 285
4 Opt (ELD) 59
1 Scorching Dragonfire (ELD) 139
4 Steam Vents (GRN) 257
4 Stomping Ground (RNA) 259
3 Storm's Wrath (THB) 157
1 Temple of Abandon (THB) 244
3 Temple of Epiphany (M20) 253
2 Temple of Mystery (M20) 255
4 Thassa's Intervention (THB) 72
3 Uro, Titan of Nature's Wrath (THB) 229
4 Wilderness Reclamation (RNA) 149

Sideboard
3 Aether Gust (M20) 42
2 Fry (M20) 140
3 Mystical Dispute (ELD) 58
2 Negate (M20) 69
2 Nightpack Ambusher (M20) 185
3 Scorching Dragonfire (ELD) 139",AdmiralFish#76698,"Deck
4 Fervent Champion (ELD) 124
4 Scorch Spitter (M20) 159
4 Rimrock Knight (ELD) 137
3 Robber of the Rich (ELD) 138
4 Runaway Steam-Kin (GRN) 115
4 Bonecrusher Giant (ELD) 115
4 Anax, Hardened in the Forge (THB) 125
3 Light Up the Stage (RNA) 107
3 Torbran, Thane of Red Fell (ELD) 147
3 Embercleave (ELD) 120
4 Castle Embereth (ELD) 239
18 Mountain (THB) 253
2 Phoenix of Ash (THB) 148

Sideboard
4 Lava Coil (GRN) 108
3 Redcap Melee (ELD) 135
4 Unchained Berserker (M20) 164
2 Chandra, Acolyte of Flame (M20) 126
1 Tibalt, Rakish Instigator (WAR) 146
1 Experimental Frenzy (GRN) 99"
3/1/2020 18:03:21,Protection From Reading,pihlk001#83162,"Deck
3 Brazen Borrower (ELD) 39
2 Hydroid Krasis (RNA) 183
3 Uro, Titan of Nature's Wrath (THB) 229
2 Forest (ELD) 266
2 Island (ELD) 254
1 Mountain (ELD) 262
4 Breeding Pool (RNA) 246
2 Castle Vantress (ELD) 242
2 Fabled Passage (ELD) 244
4 Steam Vents (GRN) 257
4 Stomping Ground (RNA) 259
1 Temple of Abandon (THB) 244
3 Temple of Epiphany (M20) 253
2 Temple of Mystery (M20) 255
4 Wilderness Reclamation (RNA) 149
4 Expansion // Explosion (GRN) 224
4 Growth Spiral (RNA) 178
4 Opt (XLN) 65
1 Scorching Dragonfire (ELD) 139
4 Thassa's Intervention (THB) 72
3 Storm's Wrath (THB) 157
1 Negate (RIX) 44

Sideboard
3 Nightpack Ambusher (M20) 185
1 Chandra's Pyrohelix (WAR) 120
2 Fry (M20) 140
3 Mystical Dispute (ELD) 58
3 Negate (RIX) 44
3 Scorching Dragonfire (ELD) 139",mattyb007#04151,"Deck
4 Fervent Champion (ELD) 124
4 Scorch Spitter (M20) 159
4 Rimrock Knight (ELD) 137
4 Robber of the Rich (ELD) 138
4 Runaway Steam-Kin (GRN) 115
4 Anax, Hardened in the Forge (THB) 125
4 Bonecrusher Giant (ELD) 115
4 Light Up the Stage (RNA) 107
2 Torbran, Thane of Red Fell (ELD) 147
4 Embercleave (ELD) 120
4 Castle Embereth (ELD) 239
18 Mountain (ELD) 262

Sideboard
3 Redcap Melee (ELD) 135
2 Embereth Shieldbreaker (ELD) 122
3 Lava Coil (GRN) 108
3 Unchained Berserker (M20) 164
2 Chandra, Acolyte of Flame (M20) 126
2 Tibalt, Rakish Instigator (WAR) 146",Diatomic#65714,"Deck
3 Narset, Parter of Veils (WAR) 61
4 Teferi, Time Raveler (WAR) 221
2 Dream Trawler (THB) 214
3 Shatter the Sky (THB) 37
4 Absorb (RNA) 151
3 Dovin's Veto (WAR) 193
1 Glass Casket (ELD) 15
2 Banishing Light (THB) 4
3 Elspeth Conquers Death (THB) 13
3 Omen of the Sea (THB) 58
4 The Birth of Meletis (THB) 5
3 Castle Ardenvale (ELD) 238
2 Thirst for Meaning (THB) 74
4 Hallowed Fountain (RNA) 251
8 Island (THB) 251
1 Field of Ruin (XLN) 254
4 Temple of Enlightenment (THB) 246
5 Plains (THB) 250
1 Archon of Sun's Grace (THB) 3

Sideboard
1 The Wanderer (WAR) 37
3 Aether Gust (M20) 42
1 Archon of Sun's Grace (THB) 3
2 Commence the Endgame (WAR) 45
3 Devout Decree (M20) 13
2 Cerulean Drake (M20) 53
2 Spectral Sailor (M20) 76
1 Heliod's Intervention (THB) 19
"
3/1/2020 18:03:23,TeamFirstPickBear,JonyMagic#20512,"Deck
2 Dovin's Veto (WAR) 193
4 Absorb (RNA) 151
1 Dream Trawler (THB) 214
3 Archon of Sun's Grace (THB) 3
4 Temple of Enlightenment (THB) 246
4 Hallowed Fountain (RNA) 251
1 Field of Ruin (THB) 242
2 Fabled Passage (ELD) 244
1 Castle Vantress (ELD) 242
3 Castle Ardenvale (ELD) 238
3 Plains (THB) 279
7 Island (THB) 281
4 Teferi, Time Raveler (WAR) 221
2 Narset, Parter of Veils (WAR) 61
3 The Birth of Meletis (THB) 5
4 Omen of the Sea (THB) 58
2 Elspeth Conquers Death (THB) 13
2 Banishing Light (THB) 4
3 Shatter the Sky (THB) 37
3 Thirst for Meaning (THB) 74
1 Sky Tether (RNA) 21
1 Mystical Dispute (ELD) 58

Sideboard
3 Mystical Dispute (ELD) 58
1 Dovin's Veto (WAR) 193
2 Commence the Endgame (WAR) 45
4 Aether Gust (M20) 42
2 Cerulean Drake (M20) 53
1 Glass Casket (ELD) 15
1 Narset, Parter of Veils (WAR) 61
1 Sky Tether (RNA) 21
",fire_escapism#42758,"Deck
4 Anax, Hardened in the Forge (THB) 125
4 Bonecrusher Giant (ELD) 115
4 Castle Embereth (ELD) 239
3 Embercleave (ELD) 120
4 Fervent Champion (ELD) 124
4 Light Up the Stage (RNA) 107
18 Mountain (THB) 253
4 Rimrock Knight (ELD) 137
4 Robber of the Rich (ELD) 138
4 Tin Street Dodger (RNA) 120
4 Scorch Spitter (M20) 159
3 Torbran, Thane of Red Fell (ELD) 147

Sideboard
1 Experimental Frenzy (GRN) 99
3 Redcap Melee (ELD) 135
2 Tibalt, Rakish Instigator (WAR) 146
4 Unchained Berserker (M20) 164
2 Scorching Dragonfire (ELD) 139
3 Embereth Shieldbreaker (ELD) 122",MarksmanPZ#45270,"Deck
4 Brazen Borrower (ELD) 39
4 Edgewall Innkeeper (ELD) 151
4 Fae of Wishes (ELD) 44
4 Lucky Clover (ELD) 226
4 Lovestruck Beast (ELD) 165
2 Murderous Rider (ELD) 97
4 Beanstalk Giant (ELD) 149
3 Nissa, Who Shakes the World (WAR) 169
2 Hydroid Krasis (RNA) 183
1 Massacre Girl (WAR) 99
4 Overgrown Tomb (GRN) 253
4 Breeding Pool (RNA) 246
3 Watery Grave (GRN) 259
1 Castle Locthwain (ELD) 241
1 Temple of Mystery (M20) 255
5 Island (WAR) 255
7 Forest (WAR) 262
2 Swamp (WAR) 257
1 Incubation // Incongruity (RNA) 226

Sideboard
1 Casualties of War (WAR) 187
1 Liliana, Dreadhorde General (WAR) 97
1 Disdainful Stroke (GRN) 37
1 Shadowspear (THB) 236
1 Negate (M20) 69
1 Epic Downfall (ELD) 85
1 The Elderspell (WAR) 89
1 Find // Finality (GRN) 225
1 Duress (M20) 97
2 Legion's End (M20) 106
1 Mystic Repeal (THB) 180
1 Return to Nature (THB) 197
1 Agonizing Remorse (THB) 83
1 Sorcerous Spyglass (ELD) 233"
3/1/2020 18:04:06,Failing Exepectations,bobbob49#01868,"Deck
4 Beanstalk Giant (ELD) 149
1 Hypnotic Sprite (ELD) 49
4 Brazen Borrower (ELD) 39
4 Edgewall Innkeeper (ELD) 151
4 Fae of Wishes (ELD) 44
4 Lovestruck Beast (ELD) 165
3 Escape to the Wilds (ELD) 189
1 Incubation // Incongruity (RNA) 226
4 Lucky Clover (ELD) 226
1 The Great Henge (ELD) 161
4 Breeding Pool (RNA) 246
6 Forest (ELD) 266
4 Island (ELD) 254
2 Mountain (ELD) 262
3 Steam Vents (GRN) 257
3 Stomping Ground (RNA) 259
1 Temple of Epiphany (M20) 253
3 Temple of Mystery (M20) 255
3 Storm's Wrath (THB) 157
1 Flaxen Intruder (ELD) 155

Sideboard
1 Aether Gust (M20) 42
1 Chandra, Awakened Inferno (M20) 127
1 Domri's Ambush (WAR) 192
1 Fling (ELD) 126
1 Ashiok, Dream Render (WAR) 228
1 Grafdigger's Cage (M20) 227
1 Wilderness Reclamation (RNA) 149
1 Once and Future (ELD) 168
1 Pause for Reflection (GRN) 140
1 Return to Nature (WAR) 175
1 Shadowspear (THB) 236
1 Sorcerous Spyglass (ELD) 233
1 Storm's Wrath (THB) 157
1 Negate (M20) 69
1 Expansion // Explosion (GRN) 224",Senpaiman#86951,"Deck
4 Cauldron Familiar (ELD) 81
2 Swamp (THB) 283
4 Gilded Goose (ELD) 160
1 Mountain (M19) 276
4 Mayhem Devil (WAR) 204
4 Overgrown Tomb (GRN) 253
3 Thrashing Brontodon (M20) 197
1 God-Eternal Bontu (WAR) 92
2 Agonizing Remorse (THB) 83
2 Assassin's Trophy (GRN) 152
1 Eat to Extinction (THB) 90
4 Witch's Oven (ELD) 237
4 Trail of Crumbs (ELD) 179
4 Blood Crypt (RNA) 245
2 Castle Locthwain (ELD) 241
4 Fabled Passage (ELD) 244
6 Forest (THB) 287
2 Temple of Abandon (THB) 244
1 Korvold, Fae-Cursed King (ELD) 329
1 Murderous Rider (ELD) 97
2 Casualties of War (WAR) 187
2 Woe Strider (THB) 123

Sideboard
2 Duress (M19) 94
2 Epic Downfall (ELD) 85
1 Eat to Extinction (THB) 90
2 Noxious Grasp (M20) 110
2 Korvold, Fae-Cursed King (ELD) 329
2 Vraska, Golgari Queen (GRN) 213
1 Massacre Girl (WAR) 99
1 Murderous Rider (ELD) 97
1 Liliana, Dreadhorde General (WAR) 97
1 Wicked Wolf (ELD) 181",dinklebee#34563,"Deck
4 Anax, Hardened in the Forge (THB) 125
4 Bonecrusher Giant (ELD) 115
4 Castle Embereth (ELD) 239
3 Embercleave (ELD) 120
4 Fervent Champion (ELD) 124
4 Light Up the Stage (RNA) 107
18 Mountain (THB) 285
4 Rimrock Knight (ELD) 137
4 Robber of the Rich (ELD) 138
4 Runaway Steam-Kin (GRN) 115
4 Scorch Spitter (M20) 159
3 Torbran, Thane of Red Fell (ELD) 147

Sideboard
2 Chandra, Acolyte of Flame (M20) 126
1 Experimental Frenzy (GRN) 99
2 Scorching Dragonfire (ELD) 139
3 Redcap Melee (ELD) 135
1 Tibalt, Rakish Instigator (WAR) 146
4 Unchained Berserker (M20) 164
2 Claim the Firstborn (ELD) 118"
3/1/2020 18:09:17,Avacyn,Velodramatic#38949,"Deck
4 The Birth of Meletis (THB) 5
5 Plains (THB) 279
2 Archon of Sun's Grace (THB) 3
1 Dream Trawler (THB) 214
4 Island (THB) 281
4 Teferi, Time Raveler (WAR) 221
4 Absorb (RNA) 151
3 Dovin's Veto (WAR) 193
2 Narset, Parter of Veils (WAR) 61
3 Thirst for Meaning (THB) 74
3 Omen of the Sea (THB) 58
4 Shatter the Sky (THB) 37
3 Banishing Light (THB) 4
3 Elspeth Conquers Death (THB) 13
2 Castle Ardenvale (ELD) 238
2 Castle Vantress (ELD) 242
2 Fabled Passage (ELD) 244
4 Hallowed Fountain (RNA) 251
1 Field of Ruin (THB) 242
4 Temple of Enlightenment (THB) 246

Sideboard
4 Mystical Dispute (ELD) 58
1 Dovin's Veto (WAR) 193
2 Aether Gust (M20) 42
2 Cerulean Drake (M20) 53
1 Archon of Sun's Grace (THB) 3
2 Heliod's Intervention (THB) 19
1 Dream Trawler (THB) 214
2 Brazen Borrower (ELD) 39",FlamingSquid#12110,"Deck
4 Uro, Titan of Nature's Wrath (THB) 229
4 Cavalier of Thorns (M20) 167
4 Hydroid Krasis (RNA) 183
4 Leafkin Druid (M20) 178
4 Arboreal Grazer (WAR) 149
2 Risen Reef (M20) 217
2 Thassa, Deep-Dwelling (THB) 71
1 End-Raze Forerunners (RNA) 124
4 Growth Spiral (RNA) 178
2 Finale of Devastation (WAR) 160
4 Nissa, Who Shakes the World (WAR) 169
4 Temple of Mystery (M20) 255
4 Breeding Pool (RNA) 246
1 Castle Garenbrig (ELD) 240
1 Blast Zone (WAR) 244
11 Forest (ELD) 266
4 Island (ELD) 254

Sideboard
2 Shifting Ceratops (M20) 194
2 Questing Beast (ELD) 171
2 Thassa's Intervention (THB) 72
2 Disdainful Stroke (GRN) 37
2 Quench (RNA) 48
2 Sorcerous Spyglass (ELD) 233
3 Return to Nature (WAR) 175",#16783,"Deck
3 Shock (M19) 156
18 Mountain (THB) 285
4 Scorch Spitter (M20) 159
4 Rimrock Knight (ELD) 137
4 Robber of the Rich (ELD) 138
2 Runaway Steam-Kin (GRN) 115
4 Light Up the Stage (RNA) 107
4 Torbran, Thane of Red Fell (ELD) 147
1 Bonecrusher Giant (ELD) 115
2 Fervent Champion (ELD) 124
4 Castle Embereth (ELD) 239
4 Embercleave (ELD) 120
4 Anax, Hardened in the Forge (THB) 125
2 Legion Warboss (GRN) 109

Sideboard
2 Chandra, Acolyte of Flame (M20) 126
4 Lava Coil (GRN) 108
3 Redcap Melee (ELD) 135
4 Unchained Berserker (M20) 164
2 Tibalt, Rakish Instigator (WAR) 146"
3/1/2020 18:11:50,Keele Leaf Champions,Hend0#51967,"Deck
4 Brineborn Cutthroat (M20) 50
1 Thornwood Falls (ELD) 313
4 Essence Capture (RNA) 37
4 Negate (M20) 69
4 Quench (RNA) 48
4 Spectral Sailor (M20) 76
4 Frilled Mystic (RNA) 174
2 Stomping Ground (RNA) 259
3 Flame Sweep (M20) 139
2 Ionize (GRN) 179
2 Growth Spiral (RNA) 178
2 Brazen Borrower (ELD) 39
4 Opt (DAR) 60
4 Steam Vents (GRN) 257
4 Temple of Epiphany (M20) 253
4 Breeding Pool (RNA) 246
2 Island (ELD) 257
2 Temple of Mystery (M20) 255
4 Rugged Highlands (M20) 250

Sideboard
1 Ionize (GRN) 179
3 Fry (M20) 140
3 Scorching Dragonfire (ELD) 139
3 Grafdigger's Cage (M20) 227
3 Return to Nature (WAR) 175
1 Flame Sweep (M20) 139
1 Brazen Borrower (ELD) 39
",Emmeril#80932,"Deck
4 Cauldron Familiar (ELD) 81
9 Swamp (ELD) 260
1 Rankle, Master of Pranks (ELD) 101
3 Priest of Forgotten Gods (RNA) 83
3 Angrath's Rampage (WAR) 185
8 Mountain (ELD) 264
4 Mayhem Devil (WAR) 204
3 Midnight Reaper (GRN) 77
2 Murderous Rider (ELD) 97
4 Gutterbones (RNA) 76
3 Claim the Firstborn (ELD) 118
2 Chandra, Acolyte of Flame (M20) 126
4 Witch's Oven (ELD) 237
1 Theater of Horrors (RNA) 213
4 Blood Crypt (RNA) 245
3 Castle Locthwain (ELD) 241
2 Judith, the Scourge Diva (RNA) 185

Sideboard
1 Rankle, Master of Pranks (ELD) 101
3 Noxious Grasp (M20) 110
2 Ashiok, Dream Render (WAR) 228
3 Agonizing Remorse (THB) 83
3 Duress (M20) 97
1 Cavalier of Night (M20) 94
1 Liliana, Dreadhorde General (WAR) 97",ZA_WARUDO#61824,"Deck
1 Archon of Sun's Grace (THB) 3
2 Dream Trawler (THB) 214
1 Narset, Parter of Veils (WAR) 61
4 Teferi, Time Raveler (WAR) 221
8 Island (ELD) 256
3 Plains (ELD) 250
3 Castle Ardenvale (ELD) 238
2 Castle Vantress (ELD) 242
1 Field of Ruin (THB) 242
4 Hallowed Fountain (RNA) 251
4 Temple of Enlightenment (THB) 246
2 Banishing Light (THB) 4
3 Elspeth Conquers Death (THB) 13
4 Omen of the Sea (THB) 58
3 The Birth of Meletis (THB) 5
1 Sinister Sabotage (GRN) 54
2 Dovin's Veto (WAR) 193
2 Mystical Dispute (ELD) 58
2 Thirst for Meaning (THB) 74
3 Shatter the Sky (THB) 37
2 Glass Casket (ELD) 15
3 Absorb (RNA) 151

Sideboard
1 Glass Casket (ELD) 15
1 Archon of Sun's Grace (THB) 3
2 Cerulean Drake (M20) 53
3 Aether Gust (M20) 42
1 Commence the Endgame (WAR) 45
2 Dovin's Veto (WAR) 193
2 Mystical Dispute (ELD) 58
2 Narset, Parter of Veils (WAR) 61
1 Elspeth, Sun's Nemesis (THB) 14"
3/1/2020 18:14:12,Robbers of the 12k,ReservoirMog#34996,"Deck
4 Absorb (RNA) 151
2 Archon of Sun's Grace (THB) 3
2 Banishing Light (THB) 4
3 Castle Ardenvale (ELD) 238
3 Dovin's Veto (WAR) 193
1 Dream Trawler (THB) 214
3 Elspeth Conquers Death (THB) 13
1 Tranquil Cove (M20) 259
1 Field of Ruin (THB) 242
4 Hallowed Fountain (RNA) 251
8 Island (RTR) 255
1 Mystical Dispute (ELD) 58
2 Narset, Parter of Veils (WAR) 61
4 Omen of the Sea (THB) 58
4 Plains (M20) 262
3 Shatter the Sky (THB) 37
4 Teferi, Time Raveler (WAR) 221
4 Temple of Enlightenment (THB) 246
3 The Birth of Meletis (THB) 5
3 Thirst for Meaning (THB) 74

Sideboard
1 Heliod's Intervention (THB) 19
1 Archon of Sun's Grace (THB) 3
4 Cerulean Drake (M20) 53
2 Commence the Endgame (WAR) 45
1 Dovin's Veto (WAR) 193
2 Glass Casket (ELD) 15
3 Mystical Dispute (ELD) 58
1 Narset, Parter of Veils (WAR) 61",Incendiado_Nexto#42596,"4 Anax, Hardened in the Forge (THB) 125
4 Bonecrusher Giant (ELD) 115
4 Castle Embereth (ELD) 239
3 Embercleave (ELD) 120
4 Fervent Champion (ELD) 124
4 Light Up the Stage (RNA) 107
18 Mountain (ANA) 64
4 Rimrock Knight (ELD) 137
4 Robber of the Rich (ELD) 138
4 Runaway Steam-Kin (GRN) 115
4 Scorch Spitter (M20) 159
3 Torbran, Thane of Red Fell (ELD) 147

2 Chandra, Acolyte of Flame (M20) 126
1 Experimental Frenzy (GRN) 99
4 Lava Coil (GRN) 108
3 Redcap Melee (ELD) 135
1 Tibalt, Rakish Instigator (WAR) 146
4 Unchained Berserker (M20) 164",Aminus#05857,"Deck
4 Brazen Borrower (ELD) 39
4 Breeding Pool (RNA) 246
2 Castle Vantress (ELD) 242
4 Expansion // Explosion (GRN) 224
2 Fabled Passage (ELD) 244
2 Forest (ANA) 65
4 Growth Spiral (RNA) 178
2 Hydroid Krasis (RNA) 183
2 Island (ANA) 62
1 Mountain (ANA) 64
4 Opt (ELD) 59
1 Scorching Dragonfire (ELD) 139
4 Steam Vents (GRN) 257
4 Stomping Ground (RNA) 259
3 Storm's Wrath (THB) 157
1 Temple of Abandon (THB) 244
3 Temple of Epiphany (M20) 253
2 Temple of Mystery (M20) 255
4 Thassa's Intervention (THB) 72
3 Uro, Titan of Nature's Wrath (THB) 229
4 Wilderness Reclamation (RNA) 149

Sideboard
3 Aether Gust (M20) 42
2 Fry (M20) 140
3 Legion Warboss (GRN) 109
2 Negate (M20) 69
2 Nightpack Ambusher (M20) 185
3 Scorching Dragonfire (ELD) 139"
3/1/2020 18:16:29,Bristol Dreadnought,blitzcrank#48790,"Deck
4 Fervent Champion (ELD) 124
4 Scorch Spitter (M20) 159
4 Rimrock Knight (ELD) 137
4 Robber of the Rich (ELD) 138
4 Runaway Steam-Kin (GRN) 115
4 Bonecrusher Giant (ELD) 115
4 Anax, Hardened in the Forge (THB) 125
4 Light Up the Stage (RNA) 107
3 Torbran, Thane of Red Fell (ELD) 147
3 Embercleave (ELD) 120
4 Castle Embereth (ELD) 239
18 Mountain (THB) 285

Sideboard
4 Lava Coil (GRN) 108
3 Redcap Melee (ELD) 135
4 Unchained Berserker (M20) 164
2 Legion Warboss (GRN) 109
1 Tibalt, Rakish Instigator (WAR) 146
1 Experimental Frenzy (GRN) 99
",Fudgefox#49945,"Deck
1 Archon of Sun's Grace (THB) 3
6 Plains (THB) 279
3 The Birth of Meletis (THB) 5
1 Dream Trawler (THB) 214
7 Island (THB) 281
3 Elspeth Conquers Death (THB) 13
2 Narset, Parter of Veils (WAR) 61
4 Teferi, Time Raveler (WAR) 221
2 Mystical Dispute (ELD) 58
4 Absorb (RNA) 151
3 Dovin's Veto (WAR) 193
3 Thirst for Meaning (THB) 74
3 Shatter the Sky (THB) 37
4 Omen of the Sea (THB) 58
2 Banishing Light (THB) 4
3 Castle Ardenvale (ELD) 238
2 Castle Vantress (ELD) 242
4 Hallowed Fountain (RNA) 251
2 Temple of Enlightenment (THB) 246
1 Field of Ruin (XLN) 254

Sideboard
4 Aether Gust (M20) 42
2 Cerulean Drake (M20) 53
1 Dovin's Veto (WAR) 193
1 Glass Casket (ELD) 15
2 Mystical Dispute (ELD) 58
1 Narset, Parter of Veils (WAR) 61
1 Archon of Sun's Grace (THB) 3
2 Commence the Endgame (WAR) 45
1 Elspeth, Sun's Nemesis (THB) 14",Piekron#82669,"Deck
4 Cauldron Familiar (ELD) 81
2 Dreadhorde Butcher (WAR) 194
4 Gutterbones (RNA) 76
4 Mayhem Devil (WAR) 204
4 Midnight Reaper (GRN) 77
4 Priest of Forgotten Gods (RNA) 83
2 Rankle, Master of Pranks (ELD) 101
2 Woe Strider (THB) 123
4 Claim the Firstborn (ELD) 118
4 Witch's Oven (ELD) 237
4 Blood Crypt (RNA) 245
3 Castle Locthwain (ELD) 241
6 Mountain (ELD) 262
8 Swamp (ELD) 258
2 Temple of Malice (THB) 247
2 Chandra, Acolyte of Flame (M20) 126
1 Nightmare Shepherd (THB) 108

Sideboard
2 Blacklance Paragon (ELD) 79
2 Noxious Grasp (M20) 110
1 Gray Merchant of Asphodel (THB) 99
2 Legion's End (M20) 106
2 Pharika's Libation (THB) 111
2 Agonizing Remorse (THB) 83
1 Leyline of the Void (M20) 107
1 Ashiok, Dream Render (WAR) 228
2 Murderous Rider (ELD) 97
"
3/1/2020 18:18:54,https://www.youtube.com/watch?v=CN_DjYDHEVU,Entropy#23181,"Deck
1 Agonizing Remorse (THB) 83
4 Dream Trawler (THB) 214
4 Elspeth Conquers Death (THB) 13
2 Glass Casket (ELD) 15
4 Godless Shrine (RNA) 248
4 Hallowed Fountain (RNA) 251
4 Kaya's Wrath (RNA) 187
4 Narset, Parter of Veils (WAR) 61
3 Oath of Kaya (WAR) 209
4 Teferi, Time Raveler (WAR) 221
4 Temple of Deceit (THB) 245
2 Temple of Enlightenment (THB) 246
4 Temple of Silence (M20) 256
4 The Birth of Meletis (THB) 5
4 Thought Erasure (GRN) 206
4 Watery Grave (GRN) 259
4 Plains (ANA) 56

Sideboard
2 Agonizing Remorse (THB) 83
2 Cry of the Carnarium (RNA) 70
2 Davriel, Rogue Shadowmage (WAR) 83
1 Despark (WAR) 190
3 Devout Decree (M20) 13
3 Dovin's Veto (WAR) 193
1 Kaya, Orzhov Usurper (RNA) 186
1 Heliod's Intervention (THB) 19",Stittler#14647,"Deck
4 Anax, Hardened in the Forge (THB) 125
4 Bonecrusher Giant (ELD) 115
4 Fervent Champion (ELD) 124
3 Rimrock Knight (ELD) 137
4 Runaway Steam-Kin (GRN) 115
4 Scorch Spitter (M20) 159
3 Torbran, Thane of Red Fell (ELD) 147
4 Light Up the Stage (RNA) 107
4 Robber of the Rich (ELD) 138
3 Embercleave (ELD) 120
3 Castle Embereth (ELD) 239
18 Mountain (THB) 285
2 Shock (M20) 160

Sideboard
4 Redcap Melee (ELD) 135
1 Experimental Frenzy (GRN) 99
3 Lava Coil (GRN) 108
1 Tibalt, Rakish Instigator (WAR) 146
4 Unchained Berserker (M20) 164
2 Chandra, Acolyte of Flame (M20) 126",Cheesus29#20811,"Deck
4 Brazen Borrower (ELD) 39
2 Hydroid Krasis (RNA) 183
3 Uro, Titan of Nature's Wrath (THB) 229
4 Expansion // Explosion (GRN) 224
4 Growth Spiral (RNA) 178
2 Opt (ELD) 59
1 Scorching Dragonfire (ELD) 139
4 Thassa's Intervention (THB) 72
3 Storm's Wrath (THB) 157
2 Omen of the Sea (THB) 58
4 Wilderness Reclamation (RNA) 149
4 Breeding Pool (RNA) 246
2 Castle Vantress (ELD) 242
2 Fabled Passage (ELD) 244
2 Forest (GRN) 264
2 Island (GRN) 261
1 Mountain (GRN) 263
4 Steam Vents (GRN) 257
4 Stomping Ground (RNA) 259
1 Temple of Abandon (THB) 244
2 Temple of Epiphany (M20) 253
3 Temple of Mystery (M20) 255

Sideboard
3 Scorching Dragonfire (ELD) 139
3 Aether Gust (M20) 42
2 Fry (M20) 140
3 Mystical Dispute (ELD) 58
2 Negate (M20) 69
2 Nightpack Ambusher (M20) 185"
3/1/2020 18:21:28,Team Strathy,RagingTiltMonster#81993,"2 Judith, the Scourge Diva (RNA) 185
4 Fabled Passage (ELD) 244
4 Midnight Reaper (GRN) 77
1 Temple of Malice (THB) 247
4 Cauldron Familiar (ELD) 81
6 Mountain (M20) 275
4 Gutterbones (RNA) 76
4 Witch's Oven (ELD) 237
7 Swamp (ELD) 258
4 Priest of Forgotten Gods (RNA) 83
2 Castle Locthwain (ELD) 241
4 Woe Strider (THB) 123
4 Mayhem Devil (WAR) 204
4 Blood Crypt (RNA) 245
2 Rix Maadi Reveler (RNA) 109
4 Claim the Firstborn (ELD) 118

Sideboard
2 Noxious Grasp (M20) 110
2 Act of Treason (M19) 127
2 Epic Downfall (ELD) 85
2 Tibalt, Rakish Instigator (WAR) 146
4 Drill Bit (RNA) 73
3 Angrath's Rampage (WAR) 185",Palarax91#42011,"3 Narset, Parter of Veils (WAR) 61
4 Teferi, Time Raveler (WAR) 221
3 Dream Trawler (THB) 214
4 Shatter the Sky (THB) 37
3 Absorb (RNA) 151
3 Dovin's Veto (WAR) 193
1 Mystical Dispute (ELD) 58
3 Elspeth Conquers Death (THB) 13
4 Omen of the Sea (THB) 58
4 The Birth of Meletis (THB) 5
3 Castle Ardenvale (ELD) 238
1 Castle Vantress (ELD) 242
4 Hallowed Fountain (RNA) 251
8 Island (ELD) 254
5 Plains (ELD) 250
4 Temple of Enlightenment (THB) 246
1 Glass Casket (ELD) 15
2 Elspeth, Sun's Nemesis (THB) 14

Sideboard
1 Planar Cleansing (M20) 33
2 Mystical Dispute (ELD) 58
1 Banishing Light (THB) 4
3 Devout Decree (M20) 13
2 Spectral Sailor (M20) 76
2 Disenchant (M20) 14
1 Heliod's Intervention (THB) 19
3 Archon of Sun's Grace (THB) 3",Danderson#15731,"4 Beanstalk Giant (ELD) 149
4 Bonecrusher Giant (ELD) 115
4 Brazen Borrower (ELD) 39
4 Edgewall Innkeeper (ELD) 151
4 Fae of Wishes (ELD) 44
4 Lovestruck Beast (ELD) 165
3 Escape to the Wilds (ELD) 189
1 Nissa, Who Shakes the World (WAR) 169
4 Lucky Clover (ELD) 226
1 Growth Spiral (RNA) 178
4 Breeding Pool (RNA) 246
6 Forest (THB) 254
4 Island (THB) 251
2 Mountain (THB) 253
3 Steam Vents (GRN) 257
4 Stomping Ground (RNA) 259
1 Temple of Epiphany (M20) 253
3 Temple of Mystery (M20) 255

Sideboard
1 Expansion // Explosion (GRN) 224
3 Aether Gust (M20) 42
1 Chandra, Awakened Inferno (M20) 127
1 Domri's Ambush (WAR) 192
1 Fling (ELD) 126
1 Mystic Repeal (THB) 180
1 Unsummon (M20) 78
1 Ugin, the Ineffable (WAR) 2
1 Return to Nature (WAR) 175
1 Shadowspear (THB) 236
1 Negate (RIX) 44
1 Storm's Wrath (THB) 157
1 Tamiyo, Collector of Tales (WAR) 220"
3/1/2020 18:23:42,Edinburgh Eldrazi,SirSalty#98097,"Deck
4 Edgewall Innkeeper (ELD) 151
7 Plains (ELD) 252
4 Faerie Guidemother (ELD) 11
6 Forest (ELD) 269
4 Lovestruck Beast (ELD) 165
4 Giant Killer (ELD) 14
4 Venerated Loxodon (GRN) 30
1 Flaxen Intruder (ELD) 155
4 Temple Garden (GRN) 258
3 Flower // Flourish (GRN) 226
2 Conclave Tribunal (GRN) 6
3 Shepherd of the Flock (ELD) 28
4 Temple of Plenty (THB) 248
2 Gideon Blackblade (WAR) 13
4 Bronzehide Lion (THB) 210
4 Elspeth, Sun's Nemesis (THB) 14

Sideboard
2 Apostle of Purifying Light (M20) 6
2 Glass Casket (ELD) 15
4 Devout Decree (M20) 13
3 Knight of Autumn (GRN) 183
3 Questing Beast (ELD) 171
1 Conclave Tribunal (GRN) 6
",jlegolas#18238,"Deck
4 Thought Erasure (GRN) 206
2 Tamiyo, Collector of Tales (WAR) 220
4 Growth Spiral (RNA) 178
2 Casualties of War (WAR) 187
3 Nissa, Who Shakes the World (WAR) 169
4 Uro, Titan of Nature's Wrath (THB) 229
2 Vraska, Golgari Queen (GRN) 213
4 Hydroid Krasis (RNA) 183
3 Forest (THB) 287
2 Island (THB) 281
3 Swamp (THB) 283
3 Temple of Mystery (M20) 255
4 Watery Grave (GRN) 259
4 Overgrown Tomb (GRN) 253
1 Temple of Malady (M20) 254
4 Fabled Passage (ELD) 244
4 Breeding Pool (RNA) 246
2 Liliana, Dreadhorde General (WAR) 97
3 Tyrant's Scorn (WAR) 225
1 Agonizing Remorse (THB) 83
1 Enter the God-Eternals (WAR) 196

Sideboard
2 Casualties of War (WAR) 187
2 Cry of the Carnarium (RNA) 70
1 The Elderspell (WAR) 89
1 Thought Distortion (M20) 117
1 Enter the God-Eternals (WAR) 196
2 Agonizing Remorse (THB) 83
2 Noxious Grasp (M20) 110
2 Ritual of Soot (GRN) 84
2 Return to Nature (ELD) 173",Dolphan#76950,"Deck
1 God-Eternal Oketra (WAR) 16
4 Sphinx of Foresight (RNA) 55
4 Cavalier of Flame (M20) 125
2 Cavalier of Gales (M20) 52
2 Kenrith, the Returned King (ELD) 303
2 Elspeth Conquers Death (THB) 13
4 Teferi, Time Raveler (WAR) 221
3 Deafening Clarion (GRN) 165
4 Fires of Invention (ELD) 125
4 Bonecrusher Giant (ELD) 115
2 Castle Vantress (ELD) 242
2 Evolving Wilds (M20) 246
4 Hallowed Fountain (RNA) 251
2 Island (ANA) 57
2 Mountain (MIR) 346
2 Plains (ANA) 56
4 Sacred Foundry (GRN) 254
4 Steam Vents (GRN) 257
3 Temple of Epiphany (M20) 253
2 Temple of Triumph (M20) 257
3 Brazen Borrower (ELD) 39

Sideboard
1 Shatter the Sky (THB) 37
4 Mystical Dispute (ELD) 58
1 Deafening Clarion (GRN) 165
4 Robber of the Rich (ELD) 138
2 Dovin's Veto (WAR) 193
3 Aether Gust (M20) 42"
3/1/2020 18:24:51,Absolute Units,Mantle#28681,"Deck
4 Cauldron Familiar (ELD) 81
4 Gutterbones (RNA) 76
4 Mayhem Devil (WAR) 204
4 Midnight Reaper (GRN) 77
4 Priest of Forgotten Gods (RNA) 83
2 Rankle, Master of Pranks (ELD) 101
2 Dreadhorde Butcher (WAR) 194
4 Woe Strider (THB) 123
4 Claim the Firstborn (ELD) 118
4 Witch's Oven (ELD) 237
4 Blood Crypt (RNA) 245
3 Castle Locthwain (ELD) 241
4 Fabled Passage (ELD) 244
4 Mountain (ELD) 262
7 Swamp (THB) 283
2 Temple of Malice (THB) 247

Sideboard
4 Agonizing Remorse (THB) 83
2 Angrath's Rampage (WAR) 185
1 Cavalier of Night (M20) 94
2 Drill Bit (RNA) 73
2 Epic Downfall (ELD) 85
1 Kroxa, Titan of Death's Hunger (THB) 221
2 Legion's End (M20) 106
1 Noxious Grasp (M20) 110",RaphaelAY#94188,"Deck
4 Teferi, Time Raveler (WAR) 221
3 Plains (ELD) 250
7 Island (ELD) 254
1 Mystical Dispute (ELD) 58
3 Elspeth Conquers Death (THB) 13
3 Shatter the Sky (THB) 37
4 Absorb (RNA) 151
1 Elspeth, Sun's Nemesis (THB) 14
2 Field of Ruin (THB) 242
3 Dovin's Veto (WAR) 193
2 Dream Trawler (THB) 214
4 Temple of Enlightenment (THB) 246
4 Hallowed Fountain (RNA) 251
1 Castle Vantress (ELD) 242
3 Castle Ardenvale (ELD) 238
2 Narset, Parter of Veils (WAR) 61
4 Omen of the Sea (THB) 58
2 Banishing Light (THB) 4
4 The Birth of Meletis (THB) 5
1 Azorius Guildgate (RNA) 243
1 Archon of Sun's Grace (THB) 3
1 Glass Casket (ELD) 15

Sideboard
2 Devout Decree (M20) 13
2 Archon of Sun's Grace (THB) 3
2 Aether Gust (M20) 42
1 Dovin's Veto (WAR) 193
2 Mystical Dispute (ELD) 58
1 Narset, Parter of Veils (WAR) 61
2 Commence the Endgame (WAR) 45
2 Cerulean Drake (M20) 53
1 Heliod's Intervention (THB) 19",Lexie#20836,"Deck
4 Fervent Champion (ELD) 124
4 Scorch Spitter (M20) 159
4 Rimrock Knight (ELD) 137
4 Robber of the Rich (ELD) 138
4 Runaway Steam-Kin (GRN) 115
4 Bonecrusher Giant (ELD) 115
4 Anax, Hardened in the Forge (THB) 125
4 Light Up the Stage (RNA) 107
3 Torbran, Thane of Red Fell (ELD) 147
3 Embercleave (ELD) 120
4 Castle Embereth (ELD) 239
18 Mountain (ELD) 262

Sideboard
4 Lava Coil (GRN) 108
3 Redcap Melee (ELD) 135
4 Unchained Berserker (M20) 164
2 Chandra, Acolyte of Flame (M20) 126
1 Tibalt, Rakish Instigator (WAR) 146
1 Experimental Frenzy (GRN) 99"
3/1/2020 18:26:52,Sheffield Steel Hellkites,Masterfull#18332,"Deck
4 Fervent Champion (ELD) 124
17 Mountain (ELD) 265
4 Scorch Spitter (M20) 159
1 Mountain (XLN) 272
4 Anax, Hardened in the Forge (THB) 125
4 Rimrock Knight (ELD) 137
4 Runaway Steam-Kin (GRN) 115
4 Bonecrusher Giant (ELD) 115
3 Torbran, Thane of Red Fell (ELD) 147
4 Robber of the Rich (ELD) 138
4 Light Up the Stage (RNA) 107
4 Castle Embereth (ELD) 239
3 Embercleave (ELD) 120

Sideboard
2 Shock (M19) 156
4 Lava Coil (GRN) 108
2 Legion Warboss (GRN) 109
4 Unchained Berserker (M20) 164
3 Tibalt, Rakish Instigator (WAR) 146",iamkrazy1#84849,"Deck
4 Absorb (RNA) 151
1 Archon of Sun's Grace (THB) 3
3 Banishing Light (THB) 4
2 Castle Ardenvale (ELD) 238
1 Castle Vantress (ELD) 242
3 Dovin's Veto (WAR) 193
1 Dream Trawler (THB) 214
2 Elspeth Conquers Death (THB) 13
3 Fabled Passage (ELD) 244
4 Hallowed Fountain (RNA) 251
7 Island (THB) 281
2 Mystical Dispute (ELD) 58
2 Narset, Parter of Veils (WAR) 61
4 Omen of the Sea (THB) 58
4 Plains (THB) 279
3 Shatter the Sky (THB) 37
4 Teferi, Time Raveler (WAR) 221
2 Temple of Enlightenment (THB) 246
3 The Birth of Meletis (THB) 5
3 Thirst for Meaning (THB) 74
2 Azorius Guildgate (RNA) 244

Sideboard
4 Aether Gust (M20) 42
2 Archon of Sun's Grace (THB) 3
2 Cerulean Drake (M20) 53
2 Commence the Endgame (WAR) 45
1 Dovin's Veto (WAR) 193
1 Glass Casket (ELD) 15
2 Mystical Dispute (ELD) 58
1 Narset, Parter of Veils (WAR) 61",Nickjaycee#18531,"Deck
1 Erebos's Intervention (THB) 94
4 Agonizing Remorse (THB) 83
2 Erebos, Bleak-Hearted (THB) 93
2 Tymaret, Chosen from Death (THB) 119
2 Woe Strider (THB) 123
3 Ayara, First of Locthwain (ELD) 75
3 Midnight Reaper (GRN) 77
4 Nightmare Shepherd (THB) 108
4 Yarok's Fenlurker (M20) 123
4 Knight of the Ebon Legion (M20) 105
4 Murderous Rider (ELD) 97
4 Gray Merchant of Asphodel (THB) 99
4 Castle Locthwain (ELD) 241
19 Swamp (ELD) 261

Sideboard
4 Pharika's Libation (THB) 111
2 Cry of the Carnarium (RNA) 70
2 Legion's End (M20) 106
4 Duress (M20) 97
2 Ritual of Soot (GRN) 84
1 Massacre Girl (WAR) 99"