Timestamp,Team Name (Must be the same as the NUEL website),Deck 1 Pilot IGN + Deck Name,Deck 1 List,Deck 2 Pilot IGN + Deck Name,Deck 2 List,Deck 3 Pilot IGN + Deck Name,Deck 3 List
,,,,,,,
,,,,,,,
10/23/2019 0:33:59,FieldsBadMan,Cardinal#52203 + Golos Field I,"4 Chandra's Spitfire (M20) 132
4 Fervent Champion (ELD) 124
4 Scorch Spitter (M20) 159
4 Tin Street Dodger (RNA) 120
4 Torbran, Thane of Red Fell (ELD) 147
4 Chandra, Acolyte of Flame (M20) 126
18 Mountain (XLN) 273
3 Castle Embereth (ELD) 239
3 Mask of Immolation (M20) 151
4 Cavalcade of Calamity (RNA) 95
4 Shock (M19) 156
4 Light Up the Stage (RNA) 107

3 Lava Coil (GRN) 108
3 Fry (M20) 140
2 Redcap Melee (ELD) 135
1 Bonecrusher Giant (ELD) 115
2 Cosmotronic Wave (GRN) 95
1 Slaying Fire (ELD) 143
2 Tibalt, Rakish Instigator (WAR) 146
1 Experimental Frenzy (GRN) 99",Jlobblet#96974 + Golos Field II,"4 Edgewall Innkeeper (ELD) 151
4 Faerie Guidemother (ELD) 11
1 Emmara, Soul of the Accord (GRN) 168
4 Giant Killer (ELD) 14
4 Lovestruck Beast (ELD) 165
2 Shepherd of the Flock (ELD) 28
4 Venerated Loxodon (GRN) 30
4 Flower // Flourish (GRN) 226
3 March of the Multitudes (GRN) 188
4 Once Upon a Time (ELD) 169
2 Conclave Tribunal (GRN) 6
8 Forest (XLN) 277
8 Plains (XLN) 261
4 Temple Garden (GRN) 258
3 Questing Beast (ELD) 171
1 Trostani Discordant (GRN) 208

4 Devout Decree (M20) 13
2 Gideon Blackblade (WAR) 13
2 Glass Casket (ELD) 15
2 Knight of Autumn (GRN) 183
2 Realm-Cloaked Giant (ELD) 26
1 Trostani Discordant (GRN) 208
2 Unbreakable Formation (RNA) 29",ThunderShock68#74203 + Golos Field III,"3 Brazen Borrower (ELD) 39
4 Brineborn Cutthroat (M20) 50
4 Frilled Mystic (RNA) 174
4 Nightpack Ambusher (M20) 185
4 Spectral Sailor (M20) 76
2 Wildborn Preserver (ELD) 182
4 Oko, Thief of Crowns (ELD) 197
6 Forest (XLN) 278
9 Island (XLN) 265
4 Breeding Pool (RNA) 246
4 Temple of Mystery (M20) 255
2 Mystical Dispute (ELD) 58
1 Negate (RIX) 44
2 Opt (XLN) 65
2 Quench (RNA) 48
4 Sinister Sabotage (GRN) 54
1 Unsummon (M20) 78

2 Mystical Dispute (ELD) 58
2 Shifting Ceratops (M20) 194
3 Aether Gust (M20) 42
3 Negate (RIX) 44
3 Veil of Summer (M20) 198
2 Disdainful Stroke (GRN) 37"
10/23/2019 1:40:10,DMU Trackers,Tr3vology#95414,"3 Oko, Thief of Crowns (ELD) 197
4 Golos, Tireless Pilgrim (M20) 226
3 Arboreal Grazer (WAR) 149
2 Agent of Treachery (M20) 43
3 Hydroid Krasis (RNA) 183
1 Beanstalk Giant (ELD) 149
4 Circuitous Route (GRN) 125
4 Time Wipe (WAR) 223
4 Growth Spiral (RNA) 178
3 Once Upon a Time (ELD) 169
3 Forest (XLN) 277
1 Temple of Mystery (M20) 255
1 Orzhov Guildgate (RNA) 252
1 Selesnya Guildgate (GRN) 256
1 Tranquil Cove (M20) 259
4 Field of the Dead (M20) 247
3 Fabled Passage (ELD) 244
1 Simic Guildgate (RNA) 257
2 Breeding Pool (RNA) 246
1 Blossoming Sands (M20) 243
1 Plaza of Harmony (RNA) 254
2 Temple Garden (GRN) 258
1 Temple of Malady (M20) 254
2 Island (XLN) 265
1 Plains (XLN) 261
1 Castle Vantress (ELD) 242
1 Thornwood Falls (M20) 258
1 Boros Guildgate (GRN) 244
1 Azorius Guildgate (RNA) 243

1 Agent of Treachery (M20) 43
1 Hydroid Krasis (RNA) 183
3 Veil of Summer (M20) 198
1 Mystical Dispute (ELD) 58
2 Disdainful Stroke (GRN) 37
2 Devout Decree (M20) 13
1 Glass Casket (ELD) 15
3 Aether Gust (M20) 42
",SmashPotato#45150,"4 Fae of Wishes (ELD) 44
3 Realm-Cloaked Giant (ELD) 26
4 Narset, Parter of Veils (WAR) 61
3 Sarkhan the Masterless (WAR) 143
4 Teferi, Time Raveler (WAR) 221
1 Ugin, the Ineffable (WAR) 2
4 Island (XLN) 265
2 Mountain (XLN) 273
1 Plains (XLN) 261
2 Swiftwater Cliffs (M20) 252
4 Hallowed Fountain (RNA) 251
4 Interplanar Beacon (WAR) 247
3 Sacred Foundry (GRN) 254
4 Steam Vents (GRN) 257
1 Temple of Epiphany (M20) 253
1 Temple of Triumph (M20) 257
4 Fires of Invention (ELD) 125
2 Prison Realm (WAR) 26
2 Deafening Clarion (GRN) 165
2 Drawn from Dreams (M20) 56
3 Shimmer of Possibility (RNA) 51
1 Flame Sweep (M20) 139
1 Wind-Scarred Crag (M20) 260

1 Outlaws' Merriment (ELD) 198
1 Ashiok, Dream Render (WAR) 228
1 Chandra, Awakened Inferno (M20) 127
1 Garruk, Cursed Huntsman (ELD) 191
1 Nicol Bolas, Dragon-God (WAR) 207
1 Realm-Cloaked Giant (ELD) 26
1 Tamiyo, Collector of Tales (WAR) 220
2 Casualties of War (WAR) 187
1 Command the Dreadhorde (WAR) 82
1 Enter the God-Eternals (WAR) 196
1 Planewide Celebration (WAR) 172
1 The Elderspell (WAR) 89
1 Liliana, Dreadhorde General (WAR) 97
1 Kaya's Wrath (RNA) 187
",VoidKingdom#96629,"3 Tibalt, Rakish Instigator (WAR) 146
4 Scorch Spitter (M20) 159
4 Runaway Steam-Kin (GRN) 115
4 Grim Initiate (WAR) 130
2 Bonecrusher Giant (ELD) 115
4 Tin Street Dodger (RNA) 120
4 Torbran, Thane of Red Fell (ELD) 147
4 Rimrock Knight (ELD) 137
4 Light Up the Stage (RNA) 107
4 Cavalcade of Calamity (RNA) 95
19 Mountain (XLN) 273
2 Castle Embereth (ELD) 239
2 Legion Warboss (GRN) 109

4 Lava Coil (GRN) 108
4 Shock (M19) 156
2 Embereth Shieldbreaker (ELD) 122
2 Act of Treason (M19) 127
3 Experimental Frenzy (GRN) 99
"
10/23/2019 11:38:24,https://www.youtube.com/watch?v=CN_DjYDHEVU,Entropy#23181 Grixis Fires,"3 Nicol Bolas, Dragon-God (WAR) 207
4 Blood Crypt (RNA) 245
4 Thought Erasure (GRN) 206
4 Watery Grave (GRN) 259
4 Steam Vents (GRN) 257
4 Narset, Parter of Veils (WAR) 61
3 Ritual of Soot (GRN) 84
2 Liliana, Dreadhorde General (WAR) 97
2 Chandra, Awakened Inferno (M20) 127
4 Fires of Invention (ELD) 125
1 The Elderspell (WAR) 89
2 Temple of Epiphany (M20) 253
2 Castle Vantress (ELD) 242
2 Dismal Backwater (M20) 245
1 Island (M20) 266
1 Mountain (M20) 276
4 Swamp (M20) 270
2 Fabled Passage (ELD) 244
3 Drawn from Dreams (M20) 56
3 Murderous Rider (ELD) 97
2 Tyrant's Scorn (WAR) 225
1 Cry of the Carnarium (RNA) 70
2 Enter the God-Eternals (WAR) 196

2 Ashiok, Dream Render (WAR) 228
1 Unmoored Ego (GRN) 212
1 Bedevil (RNA) 157
2 Legion's End (M20) 106
3 Duress (M20) 97
1 Cry of the Carnarium (RNA) 70
2 Noxious Grasp (M20) 110
1 Ugin, the Ineffable (WAR) 2
2 Agent of Treachery (M20) 43
",Cheesus29#20811 Simic Flash,"4 Brazen Borrower (ELD) 39
5 Forest (ELD) 269
4 Sinister Sabotage (GRN) 54
2 Wildborn Preserver (ELD) 182
4 Spectral Sailor (M20) 76
4 Breeding Pool (RNA) 246
4 Brineborn Cutthroat (M20) 50
2 Temple of Mystery (M20) 255
4 Nightpack Ambusher (M20) 185
3 Essence Capture (RNA) 37
2 Fabled Passage (ELD) 244
1 Unsummon (M20) 78
1 Negate (M20) 69
9 Island (ELD) 254
2 Once Upon a Time (ELD) 169
4 Frilled Mystic (RNA) 174
3 Quench (RNA) 48
2 Opt (ELD) 59

2 Mystical Dispute (ELD) 58
2 Shifting Ceratops (M20) 194
4 Cerulean Drake (M20) 53
3 Aether Gust (M20) 42
3 Veil of Summer (M20) 198
1 Negate (M20) 69
",Stittler#14647 Mono-Red Aggro,"4 Fervent Champion (ELD) 124
3 Legion Warboss (GRN) 109
4 Runaway Steam-Kin (GRN) 115
4 Scorch Spitter (M20) 159
4 Torbran, Thane of Red Fell (ELD) 147
4 Rimrock Knight (ELD) 137
4 Shock (M20) 160
3 Slaying Fire (ELD) 143
2 Light Up the Stage (RNA) 107
3 Skewer the Critics (RNA) 115
3 Chandra, Acolyte of Flame (M20) 126
3 Castle Embereth (ELD) 239
19 Mountain (GRN) 263

1 Chandra's Pyrohelix (WAR) 120
1 Bonecrusher Giant (ELD) 115
1 Experimental Frenzy (GRN) 99
4 Lava Coil (GRN) 108
4 Redcap Melee (ELD) 135
4 Tibalt, Rakish Instigator (WAR) 146"
10/23/2019 13:45:49,Protection from Reading,Diatomic#65714 Simic Ramp,"4 Breeding Pool (RNA) 246
1 Disdainful Stroke (GRN) 37
3 Brazen Borrower (ELD) 39
10 Forest (XLN) 277
4 Gilded Goose (ELD) 160
4 Hydroid Krasis (RNA) 183
7 Island (XLN) 265
4 Nissa, Who Shakes the World (WAR) 169
4 Oko, Thief of Crowns (ELD) 197
4 Once Upon a Time (ELD) 169
4 Paradise Druid (WAR) 171
3 Questing Beast (ELD) 171
2 Temple of Mystery (M20) 255
1 Castle Vantress (ELD) 242
4 Wicked Wolf (ELD) 181
1 Mass Manipulation (RNA) 42

3 Veil of Summer (M20) 198
3 Aether Gust (M20) 42
3 Disdainful Stroke (GRN) 37
2 Ashiok, Dream Render (WAR) 228
3 Shifting Ceratops (M20) 194
1 Voracious Hydra (M20) 200",mattyb007#04151 Mono Red Aggro,"4 Torbran, Thane of Red Fell (ELD) 147
17 Mountain (XLN) 273
1 Chandra, Acolyte of Flame (M20) 126
1 Skewer the Critics (RNA) 115
4 Shock (M19) 156
4 Rimrock Knight (ELD) 137
4 Scorch Spitter (M20) 159
4 Runaway Steam-Kin (GRN) 115
4 Fervent Champion (ELD) 124
3 Slaying Fire (ELD) 143
4 Castle Embereth (ELD) 239
2 Tibalt, Rakish Instigator (WAR) 146
4 Robber of the Rich (ELD) 138
2 Light Up the Stage (RNA) 107
2 Tin Street Dodger (RNA) 120

1 Chandra, Acolyte of Flame (M20) 126
4 Experimental Frenzy (GRN) 99
2 Tibalt, Rakish Instigator (WAR) 146
4 Lava Coil (GRN) 108
2 Chandra's Pyrohelix (WAR) 120
2 Redcap Melee (ELD) 135",pihlk001#83162 Rakdos Sacrifice,"4 Cauldron Familiar (ELD) 81
3 Gutterbones (RNA) 76
4 Mayhem Devil (WAR) 204
3 Knight of the Ebon Legion (M20) 105
2 Priest of Forgotten Gods (RNA) 83
4 Midnight Reaper (GRN) 77
3 Judith, the Scourge Diva (RNA) 185
1 Legion's End (M20) 106
4 Claim the Firstborn (ELD) 118
3 Angrath's Rampage (WAR) 185
1 Bedevil (RNA) 157
4 Witch's Oven (ELD) 237
6 Mountain (XLN) 273
8 Swamp (XLN) 269
4 Fabled Passage (ELD) 244
4 Blood Crypt (RNA) 245
2 Castle Locthwain (ELD) 241

1 Legion's End (M20) 106
1 Bedevil (RNA) 157
4 Duress (XLN) 105
3 Noxious Grasp (M20) 110
3 Theater of Horrors (RNA) 213
2 Flame Sweep (M20) 139
1 Rankle, Master of Pranks (ELD) 101"
10/23/2019 13:54:40,Avacyn,Velodramatic#38949 Esper Stax,"4 Golden Egg (ELD) 220
4 Guild Globe (WAR) 239
3 Doom Foretold (ELD) 187
2 Island (ANA) 57
4 Kaya's Wrath (RNA) 187
4 Hallowed Fountain (RNA) 251
3 Thought Erasure (GRN) 206
2 Plains (ANA) 56
3 Dance of the Manse (ELD) 186
4 Godless Shrine (RNA) 248
1 Temple of Silence (M20) 256
4 Watery Grave (GRN) 259
2 Fabled Passage (ELD) 244
2 Swamp (ANA) 58
2 Castle Vantress (ELD) 242
3 Murderous Rider (ELD) 97
4 Teferi, Time Raveler (WAR) 221
4 Oath of Kaya (WAR) 209
1 Realm-Cloaked Giant (ELD) 26
2 Alela, Artful Provocateur (ELD) 324
2 Fae of Wishes (ELD) 44

2 Ashiok, Dream Render (WAR) 228
1 Planar Cleansing (M20) 33
1 The Elderspell (WAR) 89
2 Assassin's Trophy (GRN) 152
1 Dance of the Manse (ELD) 186
1 Dovin's Veto (WAR) 193
1 Time Wipe (WAR) 223
1 Noxious Grasp (M20) 110
2 Unmoored Ego (GRN) 212
1 Ugin, the Ineffable (WAR) 2
1 Deafening Silence (ELD) 10
1 Liliana, Dreadhorde General (WAR) 97",蓮子ガラシャ#16783 Mono-Red Chandra,"4 Scorch Spitter (M20) 159
22 Mountain (ANA) 64
3 Cavalcade of Calamity (RNA) 95
2 Risk Factor (GRN) 113
2 Chandra's Regulator (M20) 131
4 Heartfire (WAR) 131
2 Chandra, Acolyte of Flame (M20) 126
4 Skewer the Critics (RNA) 115
3 Light Up the Stage (RNA) 107
3 Scampering Scorcher (M20) 158
2 Legion Warboss (GRN) 109
4 Shock (M19) 156
3 Chandra's Spitfire (M20) 132
2 Thunderkin Awakener (M20) 162
2 Torbran, Thane of Red Fell (ELD) 147
2 Krenko, Tin Street Kingpin (WAR) 137

2 Chandra, Fire Artisan (WAR) 119
2 Runaway Steam-Kin (GRN) 115
3 Chandra's Triumph (WAR) 121
3 Slaying Fire (ELD) 143
3 Tibalt, Rakish Instigator (WAR) 146
2 Chandra, Acolyte of Flame (M20) 126",FlamingSquid#12110 Temur Elementals,"4 Omnath, Locus of the Roil (M20) 216
7 Forest (ANA) 60
4 Island (ANA) 57
5 Mountain (ELD) 265
4 Creeping Trailblazer (M20) 207
4 Risen Reef (M20) 217
4 Growth Spiral (RNA) 178
4 Healer of the Glade (M20) 176
4 Leafkin Druid (M20) 178
2 Bloom Hulk (WAR) 154
3 Nissa, Who Shakes the World (WAR) 169
2 Thornwood Falls (M20) 258
1 Stomping Ground (RNA) 259
2 The Great Henge (ELD) 161
1 Steam Vents (GRN) 257
1 Temple of Mystery (M20) 255
1 Chandra, Awakened Inferno (M20) 127
1 Breeding Pool (RNA) 246
2 Yarok's Wavecrasher (M20) 81
1 Cavalier of Flame (M20) 125
1 Rugged Highlands (M20) 250
1 Cavalier of Thorns (M20) 167
1 Living Twister (WAR) 203

2 Negate (M20) 69
3 Disdainful Stroke (GRN) 37
2 Sinister Sabotage (GRN) 54
1 Fry (M20) 140
2 Aether Gust (M20) 42
2 Pulse of Murasa (M20) 189
3 Overgrowth Elemental (M20) 187"
10/23/2019 14:05:26,Manchester Hive,Tobysaurus#28627 BW Ulysses,"4 Healer's Hawk (GRN) 14
7 Plains (ELD) 253
4 Ajani's Pridemate (WAR) 4
4 Impassioned Orator (RNA) 12
4 Vampire of the Dire Moon (M20) 120
7 Swamp (ELD) 261
4 Bloodthirsty Aerialist (M20) 91
4 Scoured Barrens (M20) 251
2 Godless Shrine (RNA) 248
2 Duress (M20) 97
2 Disfigure (M20) 95
2 Prison Realm (WAR) 26
2 Jungle Hollow (M20) 248
2 Sorin's Thirst (M20) 325
3 Ajani, Strength of the Pride (M20) 2
3 Gods Willing (M20) 19
4 Mortify (RNA) 192

2 Prison Realm (WAR) 26
3 Pacifism (M20) 32
3 Disenchant (M20) 14
4 Revenge of Ravens (ELD) 104
3 Noxious Grasp (M20) 110",Mortarion#96461 RG Elspeth,"4 Scorch Spitter (M20) 159
18 Mountain (ELD) 265
4 Light Up the Stage (RNA) 107
4 Shock (M20) 160
4 Slaying Fire (ELD) 143
3 Skewer the Critics (RNA) 115
4 Bonecrusher Giant (ELD) 115
4 Rimrock Knight (ELD) 137
4 Runaway Steam-Kin (GRN) 115
3 Castle Embereth (ELD) 239
2 Torbran, Thane of Red Fell (ELD) 147
2 Experimental Frenzy (GRN) 99
4 Tin Street Dodger (RNA) 120

3 Claim the Firstborn (ELD) 118
3 Lava Coil (GRN) 108
2 Redcap Melee (ELD) 135
2 Tibalt, Rakish Instigator (WAR) 146
2 Embereth Shieldbreaker (ELD) 122
2 Chandra's Pyrohelix (WAR) 120
1 Fry (M20) 140",HelpfulVirus#95307 NUEL Arboreal Grazer,"3 Arboreal Grazer (WAR) 149
1 Selesnya Guildgate (GRN) 255
3 Hydroid Krasis (RNA) 183
4 Golos, Tireless Pilgrim (M20) 226
2 Agent of Treachery (M20) 43
1 Beanstalk Giant (ELD) 149
2 Realm-Cloaked Giant (ELD) 26
3 Teferi, Time Raveler (WAR) 221
4 Growth Spiral (RNA) 178
3 Once Upon a Time (ELD) 169
4 Circuitous Route (GRN) 125
2 Temple Garden (GRN) 258
2 Island (XLN) 264
1 Orzhov Guildgate (RNA) 252
4 Field of the Dead (M20) 247
1 Plaza of Harmony (RNA) 254
1 Boros Guildgate (GRN) 243
1 Blossoming Sands (M20) 243
1 Temple of Mystery (M20) 255
1 Simic Guildgate (RNA) 257
1 Thornwood Falls (M20) 258
1 Temple of Malady (M20) 254
1 Tranquil Cove (M20) 259
1 Azorius Guildgate (RNA) 243
2 Hallowed Fountain (RNA) 251
2 Fabled Passage (ELD) 244
1 Plains (XLN) 260
2 Forest (M20) 277
1 Castle Vantress (ELD) 242
2 Breeding Pool (RNA) 246
2 Time Wipe (WAR) 223

2 Disdainful Stroke (GRN) 37
3 Aether Gust (M20) 42
1 Kenrith, the Returned King (ELD) 303
2 Devout Decree (M20) 13
1 Agent of Treachery (M20) 43
2 Deputy of Detention (RNA) 165
2 Veil of Summer (M20) 198
1 Hydroid Krasis (RNA) 183
1 Teferi, Time Raveler (WAR) 221
"
10/23/2019 16:00:32,Robbers of the 12k,ReservoirMog#34996 + Simic food,"4 Gilded Goose (ELD) 160
5 Island (RTR) 255
4 Questing Beast (ELD) 171
4 Brazen Borrower (ELD) 39
11 Forest (ANA) 60
4 Maraleaf Pixie (ELD) 196
4 Paradise Druid (WAR) 171
4 Wicked Wolf (ELD) 181
4 Oko, Thief of Crowns (ELD) 197
1 Voracious Hydra (M20) 200
4 Nissa, Who Shakes the World (WAR) 169
3 Vivien, Arkbow Ranger (M20) 199
4 Temple of Mystery (M20) 255
4 Breeding Pool (RNA) 246

3 Voracious Hydra (M20) 200
2 Mu Yanling, Sky Dancer (M20) 68
3 Ashiok, Dream Render (WAR) 228
4 Disdainful Stroke (GRN) 37
2 Cerulean Drake (M20) 53
1 Frilled Mystic (RNA) 174",Aminus#05857 + Mardu Knights,"4 Fervent Champion (ELD) 124
4 Knight of the Ebon Legion (M20) 105
3 Swamp (ELD) 261
4 Blacklance Paragon (ELD) 79
4 Rotting Regisaur (M20) 111
4 Embercleave (ELD) 120
4 Steelclaw Lance (ELD) 202
4 Inspiring Veteran (ELD) 194
1 Plains (ELD) 250
4 Rimrock Knight (ELD) 137
4 Acclaimed Contender (ELD) 1
4 Tournament Grounds (ELD) 248
4 Blood Crypt (RNA) 245
4 Sacred Foundry (GRN) 254
4 Godless Shrine (RNA) 248
4 Mountain (ELD) 263

4 Legion's End (M20) 106
4 Angrath's Rampage (WAR) 185
4 Noxious Grasp (M20) 110
3 Chance for Glory (GRN) 159",Incendiado_Nexto#42596 + Bant Golos,"3 Teferi, Time Raveler (WAR) 221
4 Golos, Tireless Pilgrim (M20) 226
1 Realm-Cloaked Giant (ELD) 26
3 Arboreal Grazer (WAR) 149
2 Agent of Treachery (M20) 43
3 Hydroid Krasis (RNA) 183
1 Beanstalk Giant (ELD) 149
4 Circuitous Route (GRN) 125
2 Time Wipe (WAR) 223
4 Growth Spiral (RNA) 178
3 Once Upon a Time (ELD) 169
3 Hallowed Fountain (RNA) 251
2 Forest (XLN) 277
1 Orzhov Guildgate (RNA) 252
1 Selesnya Guildgate (GRN) 256
1 Tranquil Cove (M20) 259
4 Field of the Dead (M20) 247
2 Fabled Passage (ELD) 244
2 Simic Guildgate (RNA) 257
1 Blossoming Sands (M20) 243
1 Plaza of Harmony (RNA) 254
3 Temple Garden (GRN) 258
1 Temple of Malady (M20) 254
2 Island (XLN) 265
1 Plains (XLN) 261
1 Castle Vantress (ELD) 242
1 Thornwood Falls (M20) 258
1 Boros Guildgate (GRN) 244
1 Azorius Guildgate (RNA) 243
1 Planar Cleansing (M20) 33

1 Realm-Cloaked Giant (ELD) 26
1 Agent of Treachery (M20) 43
1 Hydroid Krasis (RNA) 183
3 Veil of Summer (M20) 198
1 Mystical Dispute (ELD) 58
4 Sinister Sabotage (GRN) 54
2 Devout Decree (M20) 13
1 Glass Casket (ELD) 15
1 Tale's End (M20) 77"
10/23/2019 16:07:34,Jundee ,Cuchulainn (Simic chips&cheese),"4 Gilded Goose (ELD) 160
3 Disdainful Stroke (GRN) 37
4 Paradise Druid (WAR) 171
4 Once Upon a Time (ELD) 169
4 Hydroid Krasis (RNA) 183
3 Brazen Borrower (ELD) 39
4 Oko, Thief of Crowns (ELD) 197
2 Questing Beast (ELD) 171
4 Wicked Wolf (ELD) 181
4 Nissa, Who Shakes the World (WAR) 169
6 Island (XLN) 265
1 Castle Garenbrig (ELD) 240
10 Forest (XLN) 277
4 Breeding Pool (RNA) 246
3 Temple of Mystery (M20) 255

3 Veil of Summer (M20) 198
3 Aether Gust (M20) 42
2 Agent of Treachery (M20) 43
1 Disdainful Stroke (GRN) 37
2 Lovestruck Beast (ELD) 165
2 Shifting Ceratops (M20) 194
2 Negate (RIX) 44",Cbirr (Red Cavalcade) ,"1 Castle Embereth (ELD) 239
4 Fervent Champion (ELD) 124
19 Mountain (M19) 276
4 Scorch Spitter (M20) 159
2 Footlight Fiend (RNA) 216
4 Rimrock Knight (ELD) 137
4 Robber of the Rich (ELD) 138
4 Runaway Steam-Kin (GRN) 115
2 Light Up the Stage (RNA) 107
1 Skewer the Critics (RNA) 115
3 Slaying Fire (ELD) 143
2 Tibalt, Rakish Instigator (WAR) 146
1 Chandra, Acolyte of Flame (M20) 126
4 Torbran, Thane of Red Fell (ELD) 147
4 Shock (M20) 160

2 Chandra's Pyrohelix (WAR) 120
4 Lava Coil (GRN) 108
3 Experimental Frenzy (GRN) 99
2 Tibalt, Rakish Instigator (WAR) 146
2 Redcap Melee (ELD) 135
2 Fry (M20) 140",Dryden (#Aceweek),"4 Narset, Parter of Veils (WAR) 61
3 Sarkhan the Masterless (WAR) 143
4 Teferi, Time Raveler (WAR) 221
4 Fae of Wishes (ELD) 44
4 Deafening Clarion (GRN) 165
2 Drawn from Dreams (M20) 56
2 Time Wipe (WAR) 223
4 Fires of Invention (ELD) 125
3 Prison Realm (WAR) 26
1 Castle Vantress (ELD) 242
2 Fabled Passage (ELD) 244
4 Hallowed Fountain (RNA) 251
4 Interplanar Beacon (WAR) 247
2 Kenrith, the Returned King (ELD) 303
1 Mountain (DAR) 265
1 Plains (DAR) 253
3 Sacred Foundry (GRN) 254
4 Steam Vents (GRN) 257
3 Temple of Epiphany (M20) 253
1 Temple of Triumph (M20) 257
2 Island (DAR) 257
1 Chandra, Awakened Inferno (M20) 127
1 Ashiok, Dream Render (WAR) 228

1 Sarkhan the Masterless (WAR) 143
1 Casualties of War (WAR) 187
1 Chandra, Awakened Inferno (M20) 127
1 Command the Dreadhorde (WAR) 82
2 Dovin's Veto (WAR) 193
1 Time Wipe (WAR) 223
2 Mystical Dispute (ELD) 58
1 Ashiok, Dream Render (WAR) 228
1 Nicol Bolas, Dragon-God (WAR) 207
1 The Elderspell (WAR) 89
1 Disenchant (M20) 14
1 Planewide Celebration (WAR) 172
1 Sorcerous Spyglass (XLN) 248"
10/23/2019 16:22:07,Oko for trade?,Jaykeedwell#50071 - Sultai Midrange,"4 Gilded Goose (ELD) 160
4 Breeding Pool (RNA) 246
4 Risen Reef (M20) 217
3 Wicked Wolf (ELD) 181
3 Leafkin Druid (M20) 178
4 Dismal Backwater (M20) 245
4 Oko, Thief of Crowns (ELD) 197
4 Overgrown Tomb (GRN) 253
4 Paradise Druid (WAR) 171
4 Murderous Rider (ELD) 97
4 Hydroid Krasis (RNA) 183
4 Nissa, Who Shakes the World (WAR) 169
2 Vraska, Golgari Queen (GRN) 213
2 Temple of Malady (M20) 254
2 Temple of Mystery (M20) 255
2 Island (ELD) 257
4 Forest (ELD) 266
2 Swamp (ELD) 261

3 Unmoored Ego (GRN) 212
4 Shifting Ceratops (M20) 194
2 Assassin's Trophy (GRN) 152
3 Veil of Summer (M20) 198
3 Disfigure (M20) 95",AdmiralFish#76698 - Selesnya Adventure,"4 Edgewall Innkeeper (ELD) 151
4 Faerie Guidemother (ELD) 11
1 Flaxen Intruder (ELD) 155
4 Giant Killer (ELD) 14
1 Trostani Discordant (GRN) 208
4 Lovestruck Beast (ELD) 165
1 Shepherd of the Flock (ELD) 28
4 Venerated Loxodon (GRN) 30
2 Emmara, Soul of the Accord (GRN) 168
4 March of the Multitudes (GRN) 188
8 Forest (ANA) 60
8 Plains (ANA) 56
1 Castle Ardenvale (ELD) 238
4 Temple Garden (GRN) 258
4 Once Upon a Time (ELD) 169
3 Conclave Tribunal (GRN) 6
3 Flower // Flourish (GRN) 226

2 Glass Casket (ELD) 15
2 Knight of Autumn (GRN) 183
4 Questing Beast (ELD) 171
1 Unbreakable Formation (RNA) 29
3 Gideon Blackblade (WAR) 13
3 Devout Decree (M20) 13",Greedylax#97056 - Esper Stax,"4 Golden Egg (ELD) 220
4 Guild Globe (WAR) 239
3 Oath of Kaya (WAR) 209
4 Swamp (ELD) 260
4 Doom Foretold (ELD) 187
3 Mortify (RNA) 192
1 Castle Vantress (ELD) 242
4 Kaya's Wrath (RNA) 187
4 Hallowed Fountain (RNA) 251
4 Godless Shrine (RNA) 248
1 Temple of Silence (M20) 256
4 Teferi, Time Raveler (WAR) 221
3 Dance of the Manse (ELD) 186
2 Legion's End (M20) 106
4 Thought Erasure (GRN) 206
4 Watery Grave (GRN) 259
3 Scoured Barrens (M20) 251
4 Plains (ELD) 253

4 Duress (M20) 97
4 Revenge of Ravens (ELD) 104
2 Cry of the Carnarium (RNA) 70
2 Mystical Dispute (ELD) 58
1 Mortify (RNA) 192
2 Noxious Grasp (M20) 110"
10/23/2019 16:28:10,Greenwich Royals,Ouroboros46#34848,"5 Island (GRN) 261
5 Island (ELD) 257
5 Swamp (RNA) 262
5 Swamp (M20) 269
2 Spectral Sailor (M20) 76
1 Faerie Vandal (ELD) 45
2 Cloudkin Seer (M20) 54
2 Dungeon Geists (M20) 57
1 Riddlemaster Sphinx (M20) 317
2 Windstorm Drake (RNA) 60
3 Dismal Backwater (M20) 245
2 Bloodthirsty Aerialist (M20) 91
1 Embodiment of Agonies (M20) 98
1 Savage Gorger (M20) 291
2 Gravewaker (M20) 323
2 Child of Night (GRN) 65
1 Mass Manipulation (RNA) 42
1 Dark Remedy (M20) 321
2 Murder (M20) 109
2 Sorin's Thirst (M20) 325
1 Swamp (M20) 272
3 Dimir Guildgate (GRN) 245
1 Orzhov Enforcer (RNA) 79
1 Verity Circle (RNA) 58
2 Disfigure (M20) 95
2 Negate (M20) 69
1 Winged Words (M20) 80
1 Watery Grave (GRN) 259
1 Swamp (ELD) 261
",CourierBaron#45559,"3 Fervent Champion (ELD) 124
13 Mountain (ELD) 265
3 Runaway Steam-Kin (GRN) 115
3 Robber of the Rich (ELD) 138
2 Risk Factor (GRN) 113
3 Skewer the Critics (RNA) 115
4 Light Up the Stage (RNA) 107
4 Cavalcade of Calamity (RNA) 95
4 Shock (M19) 156
2 Scorch Spitter (M20) 159
4 Chandra's Spitfire (M20) 132
4 Rimrock Knight (ELD) 137
2 Clamor Shaman (RNA) 96
2 Torbran, Thane of Red Fell (ELD) 147
3 Footlight Fiend (RNA) 216
4 Mountain (ELD) 263

3 Claim the Firstborn (ELD) 118
4 Tibalt, Rakish Instigator (WAR) 146
4 Lava Coil (GRN) 108
1 Scorching Dragonfire (ELD) 139
3 Flame Sweep (M20) 139",Modarr#43299,"4 Cauldron Familiar (ELD) 81
19 Swamp (ELD) 261
4 Witch's Oven (ELD) 237
4 Foulmire Knight (ELD) 90
2 Order of Midnight (ELD) 99
3 Smitten Swordmaster (ELD) 105
4 Midnight Reaper (GRN) 77
3 Murderous Rider (ELD) 97
4 Ayara, First of Locthwain (ELD) 75
3 Revenge of Ravens (ELD) 104
1 Syr Konrad, the Grim (ELD) 107
3 Castle Locthwain (ELD) 241
2 Witch's Cottage (ELD) 249
2 Rankle, Master of Pranks (ELD) 101
2 Spawn of Mayhem (RNA) 85

2 Cry of the Carnarium (RNA) 70
3 Liliana, Dreadhorde General (WAR) 97
2 Cavalier of Night (M20) 94
2 Witch's Vengeance (ELD) 111
1 Ritual of Soot (GRN) 84
1 Murderous Rider (ELD) 97
1 Dread Presence (M20) 96
3 Noxious Grasp (M20) 110"
10/23/2019 16:32:55,Swansea Storm,Jcg#00194     Dimir Control ,"1 Narcomoeba (GRN) 47
3 Murderous Rider (ELD) 97
4 Overwhelmed Apprentice (ELD) 60
3 Rankle, Master of Pranks (ELD) 101
3 Thief of Sanity (GRN) 205
2 Vantress Gargoyle (ELD) 71
1 Legion's End (M20) 106
4 Thought Erasure (GRN) 206
4 Drown in the Loch (ELD) 188
3 Into the Story (ELD) 50
1 Tyrant's Scorn (WAR) 225
1 Island (XLN) 264
4 Dismal Backwater (M20) 245
2 Mystic Sanctuary (ELD) 247
7 Island (XLN) 265
7 Swamp (XLN) 269
2 Watery Grave (GRN) 259
2 Witching Well (ELD) 74
2 Hypnotic Sprite (ELD) 49
1 Dimir Guildgate (GRN) 246
1 Dimir Guildgate (GRN) 245
2 Specter's Shriek (ELD) 106

3 Cry of the Carnarium (RNA) 70
2 Duress (XLN) 105
3 Sinister Sabotage (GRN) 54
3 Noxious Grasp (M20) 110
2 Reaper of Night (ELD) 102
2 Thought Collapse (RNA) 57
",ELOwoozle#46858   Aggro Artifacts,"1 Arcanist's Owl (ELD) 206
4 Gingerbrute (ELD) 219
4 Inquisitive Puppet (ELD) 223
4 Locthwain Gargoyle (ELD) 225
4 Steel Overseer (M20) 239
4 Stonecoil Serpent (ELD) 235
4 Gods Willing (M20) 19
3 Glass Casket (ELD) 15
2 Unbreakable Formation (RNA) 29
4 All That Glitters (ELD) 2
1 Castle Ardenvale (ELD) 238
20 Plains (XLN) 263
3 Gideon Blackblade (WAR) 13
2 Cavalier of Dawn (M20) 10

2 Deafening Silence (ELD) 10
1 Glass Casket (ELD) 15
2 Prison Realm (WAR) 26
2 Conclave Tribunal (GRN) 6
3 Healer's Hawk (GRN) 14
2 Arcanist's Owl (ELD) 206
1 Unbreakable Formation (RNA) 29
1 Sorcerous Spyglass (ELD) 233
1 Gideon Blackblade (WAR) 13",Dr_Razz#37315   Izzet Draw 2,"4 Shock (M19) 156
4 Steam Vents (GRN) 257
3 Lava Coil (GRN) 108
4 Dreadhorde Arcanist (WAR) 125
2 Kasmina, Enigmatic Mentor (WAR) 56
4 Temple of Epiphany (M20) 253
3 Cavalier of Gales (M20) 52
7 Mountain () 59
8 Island () 57
4 The Royal Scions (ELD) 199
4 Opt (ELD) 59
1 Castle Vantress (ELD) 242
4 Improbable Alliance (ELD) 193
4 Thrill of Possibility (ELD) 146
4 Irencrag Pyromancer (ELD) 128

2 Mystical Dispute (ELD) 58
3 Disdainful Stroke (GRN) 37
3 Fry (M20) 140
2 Negate (RIX) 44
3 Aether Gust (M20) 42
2 Flame Sweep (M20) 139
"
10/23/2019 16:33:05,Teesside's Finest,ApexSayers#33464 Golas Ramp,"4 Pelt Collector (GRN) 141
3 Collision // Colossus (RNA) 223
2 Kraul Harpooner (GRN) 136
3 Paradise Druid (WAR) 171
4 Stomping Ground (RNA) 259
4 Domri's Ambush (WAR) 192
10 Forest (ELD) 269
9 Mountain (ELD) 265
4 Questing Beast (ELD) 171
2 Embercleave (ELD) 120
3 Skarrgan Hellkite (RNA) 114
4 Bonecrusher Giant (ELD) 115
4 Gruul Spellbreaker (RNA) 179
4 Zhur-Taa Goblin (RNA) 215

4 Veil of Summer (M20) 198
2 Shifting Ceratops (M20) 194
2 Thrashing Brontodon (M20) 197
2 Shock (M20) 160
2 Redcap Melee (ELD) 135
3 Return to Nature (ELD) 173",TableLeg23#72554,"4 Fae of Wishes (ELD) 44
2 Kenrith, the Returned King (ELD) 303
3 Hydroid Krasis (RNA) 183
1 Azorius Guildgate (RNA) 244
1 Simic Guildgate (RNA) 257
1 Selesnya Guildgate (GRN) 256
3 Deafening Clarion (GRN) 165
1 Steam Vents (GRN) 257
1 Time Wipe (WAR) 223
4 Golos, Tireless Pilgrim (M20) 226
4 Fires of Invention (ELD) 125
1 Golgari Guildgate (GRN) 249
2 Forest (XLN) 276
1 Mountain (XLN) 272
2 Island (XLN) 265
1 Swamp (XLN) 268
1 Boros Guildgate (GRN) 244
1 Plains (XLN) 260
1 Hallowed Fountain (RNA) 251
3 Fabled Passage (ELD) 244
2 Breeding Pool (RNA) 246
4 Field of the Dead (M20) 247
3 Beanstalk Giant (ELD) 149
4 Growth Spiral (RNA) 178
4 Circuitous Route (GRN) 125
1 Blossoming Sands (M20) 243
1 Temple of Epiphany (M20) 253
1 Temple of Mystery (M20) 255
1 Thornwood Falls (M20) 258
1 Gruul Guildgate (RNA) 250

1 Legion's End (M20) 106
1 Chance for Glory (GRN) 159
1 Tamiyo, Collector of Tales (WAR) 220
1 Deafening Clarion (GRN) 165
1 Enter the God-Eternals (WAR) 196
1 Planar Cleansing (M20) 33
1 Casualties of War (WAR) 187
1 Chandra, Awakened Inferno (M20) 127
1 Time Wipe (WAR) 223
2 Agent of Treachery (M20) 43
1 Nicol Bolas, Dragon-God (WAR) 207
1 Planewide Celebration (WAR) 172
1 Unmoored Ego (GRN) 212
1 Negate (M20) 69",Kvatt#65104,"1 Plains (ELD) 253
2 Castle Locthwain (ELD) 241
2 Find // Finality (GRN) 225
2 Swamp (ELD) 261
4 Murderous Rider (ELD) 97
2 Wicked Wolf (ELD) 181
2 Garruk, Cursed Huntsman (ELD) 191
3 Forest (ELD) 269
4 Gilded Goose (ELD) 160
4 Overgrown Tomb (GRN) 253
2 Tolsimir, Friend to Wolves (WAR) 224
4 Savvy Hunter (ELD) 200
4 Lovestruck Beast (ELD) 165
1 Temple of Silence (M20) 256
2 Temple of Malady (M20) 254
4 Edgewall Innkeeper (ELD) 151
2 Nightpack Ambusher (M20) 185
1 Vraska, Golgari Queen (GRN) GR8
4 Godless Shrine (RNA) 248
4 Temple Garden (GRN) 258
1 Castle Ardenvale (ELD) 238
3 Foulmire Knight (ELD) 90
1 Sorin, Vengeful Bloodlord (WAR) 217
1 Liliana, Dreadhorde General (WAR) 97

2 Ethereal Absolution (RNA) 170
3 Despark (WAR) 190
1 Witch's Vengeance (ELD) 111
3 Noxious Grasp (M20) 110
2 Ashiok, Dream Render (WAR) 228
2 Devout Decree (M20) 13
2 Cry of the Carnarium (RNA) 70"
10/23/2019 16:53:09,Glasgow Caledonian Chargers,Jensen#47335 Red Stomp,"1 Chandra's Regulator (M20) 131
25 Mountain (ELD) 265
1 Drakuseth, Maw of Flames (M20) 136
1 Chandra, Flame's Fury (M20) 294
1 Shivan Dragon (M20) 335
4 Chandra's Spitfire (M20) 132
3 Ember Hauler (M20) 137
4 Pack Mastiff (M20) 152
3 Scorch Spitter (M20) 159
3 Pyroclastic Elemental (M20) 296
3 Wildfire Elemental (M20) 297
3 Chandra's Outrage (M20) 130
2 Infuriate (M20) 145
4 Shock (M20) 160
2 Chandra's Flame Wave (M20) 295

3 Chandra's Embercat (M20) 129
2 Chandra's Pyrohelix (WAR) 120
1 Chandra's Triumph (WAR) 121
2 Chandra, Novice Pyromancer (M20) 128
2 Chandra, Acolyte of Flame (M20) 126
1 Chandra's Regulator (M20) 131
2 Chandra, Fire Artisan (WAR) 119
1 Leyline of Combustion (M20) 148
1 Chandra, Awakened Inferno (M20) 127
",RF.Backspace#67746,"19 Swamp (DAR) 258
4 Cauldron Familiar (ELD) 81
4 Castle Locthwain (ELD) 241
2 Liliana, Dreadhorde General (WAR) 97
2 God-Eternal Bontu (WAR) 92
4 Revenge of Ravens (ELD) 104
3 Tempting Witch (ELD) 108
4 Murderous Rider (ELD) 97
1 Ayara, First of Locthwain (ELD) 75
2 Priest of Forgotten Gods (RNA) 83
1 Legion's End (M20) 106
4 Witch's Oven (ELD) 237
1 Spark Harvest (WAR) 105
4 Lazotep Reaver (WAR) 96
2 Knight of the Ebon Legion (M20) 105
3 Gutterbones (RNA) 76

2 Rotting Regisaur (M20) 111
4 Drill Bit (RNA) 73
2 Noxious Grasp (M20) 110
1 Legion's End (M20) 106
2 Epic Downfall (ELD) 85
4 Duress (M19) 94
",Dumfries13#39695,"1 Opt (XLN) 65
10 Island (ELD) 257
1 Opt (ELD) 59
4 Spectral Sailor (M20) 76
4 Brineborn Cutthroat (M20) 50
4 Faerie Vandal (ELD) 45
4 Frilled Mystic (RNA) 174
10 Forest (ELD) 269
4 Nightpack Ambusher (M20) 185
2 Essence Capture (RNA) 37
2 Negate (RIX) 44
3 Sinister Sabotage (GRN) 54
3 Brazen Borrower (ELD) 39
1 Breeding Pool (RNA) 246
3 Growth Spiral (RNA) 178
2 Simic Guildgate (RNA) 258
1 Once Upon a Time (ELD) 169
1 Evolving Wilds (M20) 246

2 Veil of Summer (M20) 198
1 Shifting Ceratops (M20) 194
2 Unsummon (M20) 78
2 Lazotep Plating (WAR) 59
2 Negate (RIX) 44
1 Sinister Sabotage (GRN) 54
1 Voracious Hydra (M20) 200
1 Incubation // Incongruity (RNA) 226
2 Applied Biomancy (RNA) 153
1 Repudiate // Replicate (RNA) 227
"
10/23/2019 17:01:31,Durham Defenders,Nathjay58#88472 + Deck 1,"2 Rhythm of the Wild (RNA) 201
1 Mountain (ELD) 265
1 Forest (ELD) 269
1 Gruul Spellbreaker (RNA) 179
2 Zhur-Taa Goblin (RNA) 215
1 Rubblebelt Rioters (WAR) 215
1 Ravager Wurm (RNA) 200
1 Clamor Shaman (RNA) 96
1 Embercleave (ELD) 120
2 Lava Coil (GRN) 108
1 Kiora, Behemoth Beckoner (WAR) 232
2 Bonecrusher Giant (ELD) 115
1 Pelt Collector (GRN) 141
1 Shifting Ceratops (M20) 194
2 Once Upon a Time (ELD) 169
1 Voracious Hydra (M20) 200
1 Cindervines (RNA) 161
1 Yorvo, Lord of Garenbrig (ELD) 185
3 Stomping Ground (RNA) 259
4 Rugged Highlands (M20) 250
1 Gruul Locket (RNA) 234
1 Nikya of the Old Ways (RNA) 193
2 Grumgully, the Generous (ELD) 192
1 Domri, City Smasher (RNA) 269
1 Domri's Ambush (WAR) 192
1 Sunder Shaman (RNA) 210
1 Savage Smash (RNA) 203
1 Rampart Smasher (ELD) 213
1 Tall as a Beanstalk (ELD) 178
1 Heraldic Banner (ELD) 222
1 Nullhide Ferox (GRN) 138
1 Clan Guildmage (RNA) 162
1 Kraul Harpooner (GRN) 136
1 Once and Future (ELD) 168
1 Mountain (ELD) 264
1 Mountain (ELD) 263
1 Mountain (ELD) 262
1 Mountain (M20) 276
1 Mountain (M20) 275
1 Mountain (M20) 274
1 Mountain (M20) 273
1 Forest (ELD) 268
1 Forest (ELD) 267
1 Forest (ELD) 266
1 Forest (M20) 280
1 Forest (M20) 279
1 Forest (M20) 278
1 Forest (M20) 277
1 Forest (WAR) 264

2 Fry (M20) 140
1 Unchained Berserker (M20) 164
1 Kraul Harpooner (GRN) 136
2 Rubble Slinger (RNA) 217
1 Gargos, Vicious Watcher (M20) 172
2 Collision // Colossus (RNA) 223
1 Thrash // Threat (RNA) 229
1 Zhur-Taa Goblin (RNA) 215
1 Rampart Smasher (ELD) 213
1 Sunder Shaman (RNA) 210
1 Escape to the Wilds (ELD) 189
1 Sphinx of the Guildpact (RNA) 241
",Armless_Jeeves#46876 + Deck 2,"2 Knight of the Last Breath (RNA) 188
5 Swamp (ANA) 58
6 Plains (ANA) 56
1 Seraph of the Scales (RNA) 205
2 Imperious Oligarch (RNA) 184
2 Ministrant of Obligation (RNA) 16
2 Syndicate Messenger (RNA) 25
2 Knight of Sorrows (RNA) 14
2 Orzhov Enforcer (RNA) 79
1 Debtors' Transport (RNA) 72
2 Orzhov Racketeers (RNA) 80
1 Tithe Taker (RNA) 27
2 Cruel Celebrant (WAR) 188
2 Corpse Knight (M20) 206
1 Temple of Silence (M20) 256
2 Scoured Barrens (M20) 251
1 Godless Shrine (RNA) 248
1 Final Payment (RNA) 171
1 Kaya's Wrath (RNA) 187
2 Teysa Karlov (RNA) 212
2 Ethereal Absolution (RNA) 170
1 Revival // Revenge (RNA) 228
2 Mortify (RNA) 192
2 Revenge of Ravens (ELD) 104
2 Pacifism (M20) 32
1 Blightbeetle (M20) 87
2 Witch's Cottage (ELD) 249
1 Castle Ardenvale (ELD) 238
2 Idyllic Grange (ELD) 246
2 Castle Locthwain (ELD) 241
1 Sorin, Vengeful Bloodlord (WAR) 217
2 Orzhov Locket (RNA) 236

1 Righteousness (ELD) 27
2 Fortifying Provisions (ELD) 13
2 Silverflame Ritual (ELD) 30
1 Sorin, Vengeful Bloodlord (WAR) 217
1 Sorin's Guide (M20) 292
2 Ill-Gotten Inheritance (RNA) 77
1 Sorin, Vampire Lord (M20) 290
2 Blightbeetle (M20) 87
2 Consecrate // Consume (RNA) 224",Oslsbl#51910 + Deck 3,"1 Dreadhorde Butcher (WAR) 194
1 Drakuseth, Maw of Flames (M20) 136
2 Chandra's Spitfire (M20) 132
4 Pack Mastiff (M20) 152
3 Shock (M20) 160
3 Chandra's Outrage (M20) 130
4 Spellgorger Weird (WAR) 145
3 Chandra's Pyrohelix (WAR) 120
2 Inescapable Blaze (GRN) 107
13 Mountain (M20) 273
2 Goblin Cratermaker (GRN) 103
1 Blood Crypt (RNA) 245
1 Dreadhorde Arcanist (WAR) 125
1 Rakdos Firewheeler (RNA) 197
4 Bloodfell Caves (M20) 242
1 Torbran, Thane of Red Fell (ELD) 147
1 Judith, the Scourge Diva (RNA) 185
1 Hackrobat (RNA) 181
6 Swamp (GRN) 262
1 Carnival // Carnage (RNA) 222
1 Footlight Fiend (RNA) 216
1 Scorch Spitter (M20) 159
1 Bolas's Citadel (WAR) 79
2 Light Up the Stage (RNA) 107

1 Drakuseth, Maw of Flames (M20) 136
1 Shivan Dragon (M20) 335
2 Murder (M20) 109
3 Skewer the Critics (RNA) 115
1 Rakdos Roustabout (RNA) 198
1 Infuriate (M20) 145
1 Claim the Firstborn (ELD) 118
1 Scorching Dragonfire (ELD) 139
1 Brimstone Trebuchet (ELD) 116
2 Goblin Gathering (RNA) 104
1 Theater of Horrors (RNA) 213"
10/23/2019 17:12:08,Chi Gatewatch,ChainsNZ#82181 + Grixis Control,"2 Enter the God-Eternals (WAR) 196
3 Narset, Parter of Veils (WAR) 61
3 God-Eternal Kefnet (WAR) 53
4 Ritual of Soot (GRN) 84
4 Island (WAR) 254
3 Murderous Rider (ELD) 97
4 Swamp (WAR) 258
2 Chandra, Awakened Inferno (M20) 127
1 The Elderspell (WAR) 89
4 Mountain (WAR) 261
2 Angrath's Rampage (WAR) 185
2 Bedevil (RNA) 157
4 Steam Vents (GRN) 257
4 Blood Crypt (RNA) 245
4 Watery Grave (GRN) 259
2 Mystic Sanctuary (ELD) 247
3 Nicol Bolas, Dragon-God (WAR) 207
3 Drawn from Dreams (M20) 56
4 Fires of Invention (ELD) 125
2 Liliana, Dreadhorde General (WAR) 97

2 Ashiok, Dream Render (WAR) 228
2 Command the Dreadhorde (WAR) 82
1 The Elderspell (WAR) 89
3 Noxious Grasp (M20) 110
3 Thought Erasure (GRN) 206
2 Cry of the Carnarium (RNA) 70
2 Duress (M19) 94",Meltedkitkat#47674 + Yer mam,"1 Forest (XLN) 276
3 Spiritual Guardian (ANA) 11
2 Ajani's Pridemate (WAR) 4
6 Plains (ELD) 253
3 Island (ELD) 257
3 Impassioned Orator (RNA) 12
1 Serra's Guardian (M20) 310
1 Serra's Guardian (M19) 284
1 Plains (RNA) 260
3 Windstorm Drake (RNA) 60
2 Greenwood Sentinel (M20) 174
7 Forest (ELD) 269
2 Silverback Shaman (M20) 195
1 Aggressive Mammoth (M19) 302
1 Aggressive Mammoth (M20) 337
1 Elite Guardmage (WAR) 195
2 Leafkin Druid (M20) 178
2 Healer's Hawk (GRN) 14
2 Unsummon (M20) 78
4 Luminous Bonds (M19) 25
1 Gift of Paradise (M19) 184
4 Selesnya Guildgate (GRN) 255
4 Simic Guildgate (RNA) 258
2 Ajani, Strength of the Pride (M20) 2
1 Pelt Collector (GRN) 141

1 Citywide Bust (GRN) 4
1 Disenchant (M20) 14
1 Expose to Daylight (RNA) 8
2 Take Vengeance (M19) 40
4 Charmed Stray (WAR) 8
1 Anticipate (M19) 44
2 Essence Capture (RNA) 37
1 Pause for Reflection (GRN) 140
1 Worldsoul Colossus (GRN) 215
1 Hunted Witness (GRN) 15",JackelBat#93394 + Bant Golos,"4 Field of the Dead (M20) 247
3 Arboreal Grazer (WAR) 149
1 Blossoming Sands (M20) 243
1 Fae of Wishes (ELD) 44
1 Boros Guildgate (GRN) 243
2 Hydroid Krasis (RNA) 183
4 Golos, Tireless Pilgrim (M20) 226
2 Teferi, Time Raveler (WAR) 221
1 Realm-Cloaked Giant (ELD) 26
1 Azorius Guildgate (RNA) 243
4 Growth Spiral (RNA) 178
3 Once Upon a Time (ELD) 169
4 Circuitous Route (GRN) 125
2 Time Wipe (WAR) 223
2 Breeding Pool (RNA) 246
1 Castle Vantress (ELD) 242
2 Fabled Passage (ELD) 244
2 Forest (RIX) 196
1 Golgari Guildgate (GRN) 248
2 Hallowed Fountain (RNA) 251
2 Island (RIX) 193
1 Orzhov Guildgate (RNA) 252
1 Plains (RIX) 192
1 Plaza of Harmony (RNA) 254
1 Temple of Triumph (M20) 257
2 Temple Garden (GRN) 258
1 Temple of Mystery (M20) 255
1 Temple of Malady (M20) 254
1 Tranquil Cove (M20) 259
2 Beanstalk Giant (ELD) 149
2 Agent of Treachery (M20) 43
1 Thornwood Falls (M20) 258
1 Kenrith, the Returned King (ELD) 303

1 Veil of Summer (M20) 198
2 Aether Gust (M20) 42
2 Devout Decree (M20) 13
1 Glass Casket (ELD) 15
2 Quench (RNA) 48
1 Mystical Dispute (ELD) 58
1 Unmoored Ego (GRN) 212
1 Jace, Wielder of Mysteries (WAR) 54
1 Planar Cleansing (M20) 33
2 Deputy of Detention (RNA) 165
1 Teferi, Time Raveler (WAR) 221"
10/23/2019 17:24:01,Leicester Golden-Tails,fish.#23042 / GB Adventures,"4 Edgewall Innkeeper (ELD) 151
3 Paradise Druid (WAR) 171
4 Foulmire Knight (ELD) 90
4 Lovestruck Beast (ELD) 165
4 Overgrown Tomb (GRN) 253
3 Order of Midnight (ELD) 99
2 Vivien, Arkbow Ranger (M20) 199
2 Nissa, Who Shakes the World (WAR) 169
2 Fabled Passage (ELD) 244
4 Temple of Malady (M20) 254
2 Legion's End (M20) 106
6 Swamp (ELD) 261
4 Murderous Rider (ELD) 97
3 Rankle, Master of Pranks (ELD) 101
4 Questing Beast (ELD) 171
8 Forest (ELD) 268
1 Find // Finality (GRN) 225

2 Veil of Summer (M20) 198
1 Thrashing Brontodon (RIX) 148
1 Massacre Girl (WAR) 99
1 Davriel, Rogue Shadowmage (WAR) 83
2 Noxious Grasp (M20) 110
3 Ashiok, Dream Render (WAR) 228
1 Legion's End (M20) 106
2 Epic Downfall (ELD) 85
2 Kraul Harpooner (GRN) 136
",Acelgof#96481 / 4-Colour Gates,"4 Gatebreaker Ram (RNA) 126
1 Forest (RIX) 196
1 Tamiyo, Collector of Tales (WAR) 220
4 Izzet Guildgate (GRN) 251
2 Gateway Plaza (RNA) 247
3 Selesnya Guildgate (GRN) 255
1 Island (RIX) 193
4 Growth Spiral (RNA) 178
4 Archway Angel (RNA) 3
4 Circuitous Route (GRN) 125
4 Gates Ablaze (RNA) 102
4 Plaza of Harmony (RNA) 254
4 Gruul Guildgate (RNA) 249
4 Guild Summit (GRN) 41
3 Azorius Guildgate (RNA) 243
4 Simic Guildgate (RNA) 257
3 Niv-Mizzet, Parun (GRN) 192
1 Jace, Wielder of Mysteries (WAR) 54
2 Prison Realm (WAR) 26
1 Time Wipe (WAR) 223
2 Hydroid Krasis (RNA) 183

2 Hydroid Krasis (RNA) 183
3 Devout Decree (M20) 13
2 Mass Manipulation (RNA) 42
1 Teferi, Time Raveler (WAR) 221
1 Deputy of Detention (RNA) 165
2 Dovin's Veto (WAR) 193
2 Crushing Canopy (GRN) 126
2 Expansion // Explosion (GRN) 224",Chedi#96239 / Gruul Aggro,"2 Castle Embereth (ELD) 239
3 Domri's Ambush (WAR) 192
6 Mountain (ELD) 265
9 Forest (ELD) 269
4 Rosethorn Halberd (ELD) 175
3 Wildwood Tracker (ELD) 183
4 Gingerbrute (ELD) 219
3 Once Upon a Time (ELD) 169
3 Syr Faren, the Hengehammer (ELD) 177
3 Collision // Colossus (RNA) 223
4 Zhur-Taa Goblin (RNA) 215
3 Bonecrusher Giant (ELD) 115
4 Gruul Spellbreaker (RNA) 179
2 Rugged Highlands (M20) 250
2 Embercleave (ELD) 120
3 Stomping Ground (RNA) 259
2 Clamor Shaman (RNA) 96

2 Rubblebelt Runner (RNA) 202
4 Rhythm of the Wild (RNA) 201
4 Shock (M20) 160
2 Leyline of Combustion (M20) 148
1 Burn Bright (RNA) 93
2 Tibalt, Rakish Instigator (WAR) 146"
10/23/2019 17:29:17,Northumbria Vikings,Shnks#38996 + Pheonix Thrones,"2 Mountain (ELD) 264
4 Scorching Dragonfire (ELD) 139
3 Arclight Phoenix (GRN) 91
4 Opt (ELD) 59
1 The Royal Scions (ELD) 199
4 Radical Idea (GRN) 52
4 Crackling Drake (GRN) 163
4 Discovery // Dispersal (GRN) 223
4 Thrill of Possibility (ELD) 146
4 Goblin Electromancer (GRN) 174
2 Island (M19) 266
4 Steam Vents (GRN) 257
4 Temple of Epiphany (M20) 253
4 Shock (M20) 160
1 Scampering Scorcher (M20) 158
1 Invade the City (WAR) 201
1 Improbable Alliance (ELD) 193
2 Island (M20) 265
1 Island (ELD) 257
1 Island (ELD) 254
1 Island (ELD) 256
2 Mountain (M20) 276
1 Mountain (M20) 275
1 Mountain (WAR) 260

1 Negate (RIX) 44
1 Quench (RNA) 48
3 Wall of Mist (M19) 83
3 Didn't Say Please (ELD) 42
1 Act of Treason (RNA) 91
2 Flame Sweep (M20) 139
3 Improbable Alliance (ELD) 193
1 Response // Resurgence (GRN) 229",laurenscott1209#37230 + Selesnya's Attempt,"2 Impassioned Orator (RNA) 12
11 Forest (ELD) 269
2 Healer's Hawk (GRN) 14
1 Arrester's Zeal (RNA) 4
4 Charmed Stray (WAR) 8
2 Soulmender (M20) 37
2 Daybreak Chaplain (M19) 10
2 Desperate Lunge (WAR) 266
2 Luminous Bonds (RIX) 12
1 Gideon Blackblade (WAR) 13
1 Teyo, the Shieldmage (WAR) 32
1 The Wanderer (WAR) 37
1 Ravnica at War (WAR) 28
1 God-Eternal Oketra (WAR) 16
1 Lonesome Unicorn (ELD) 21
1 Serra's Guardian (M20) 310
2 Healer of the Glade (M20) 176
13 Plains (ELD) 253
2 Gilded Goose (ELD) 160
1 Saruli Caretaker (RNA) 139
1 Paradise Druid (WAR) 171
2 Gift of Paradise (M20) 173
1 Leyline of Abundance (M20) 179
1 Nissa, Who Shakes the World (WAR) 169
1 The Great Henge (ELD) 161
1 Bond of Discipline (WAR) 6

4 Pollenbright Druid (WAR) 173
1 Natural End (M20) 183
1 Awakening of Vitu-Ghazi (WAR) 152
1 Gargos, Vicious Watcher (M20) 172
2 Wolf's Quarry (ELD) 184
1 Gideon's Sacrifice (WAR) 14
1 Giant Killer (ELD) 14
1 Teyo, the Shieldmage (WAR) 32
1 Cavalier of Dawn (M20) 10
1 Gideon, the Oathsworn (WAR) 265
1 Serra's Guardian (M19) 284",TheNextGengar#61124 + Thief of Folios,"4 Merfolk Secretkeeper (ELD) 53
9 Swamp (ELD) 261
2 Ob Nixilis, the Hate-Twisted (WAR) 100
3 Drowned Secrets (GRN) 39
2 Folio of Fancies (ELD) 46
2 Wall of Lost Thoughts (RNA) 59
2 Didn't Say Please (ELD) 42
2 Thought Collapse (RNA) 57
2 Cry of the Carnarium (RNA) 70
12 Island (ELD) 257
1 Watery Grave (GRN) 259
3 Tyrant's Scorn (WAR) 225
3 Thought Erasure (GRN) 206
1 Ritual of Soot (GRN) 84
2 Enter the God-Eternals (WAR) 196
2 So Tiny (ELD) 64
4 Drown in the Loch (ELD) 188
2 Thief of Sanity (GRN) 205
2 Vantress Gargoyle (ELD) 71

1 Legion's End (M20) 106
1 Gadwick, the Wizened (ELD) 48
2 Mystical Dispute (ELD) 58
1 Folio of Fancies (ELD) 46
2 Nightveil Predator (GRN) 191
2 Tale's End (M20) 77
2 Pteramander (RNA) 47
2 Brineborn Cutthroat (M20) 50
2 Aether Gust (M20) 42
"
10/23/2019 17:33:58,Team Strathy,Danderson#15731 + Bant Food,"4 Oko, Thief of Crowns (ELD) 197
4 Nissa, Who Shakes the World (WAR) 169
4 Gilded Goose (ELD) 160
4 Paradise Druid (WAR) 171
1 Leafkin Druid (M20) 178
4 Questing Beast (ELD) 171
4 Wicked Wolf (ELD) 181
3 Deputy of Detention (RNA) 165
4 Hydroid Krasis (RNA) 183
3 Once Upon a Time (ELD) 169
6 Forest (ANA) 60
4 Hallowed Fountain (RNA) 251
4 Temple Garden (GRN) 258
4 Breeding Pool (RNA) 246
2 Island (ANA) 57
1 Plains (ANA) 56
3 Fabled Passage (ELD) 244
1 Teferi, Time Raveler (WAR) 221

4 Disdainful Stroke (GRN) 37
2 Veil of Summer (M20) 198
2 Aether Gust (M20) 42
2 Glass Casket (ELD) 15
2 Voracious Hydra (M20) 200
2 Knight of Autumn (GRN) 183
1 Tolsimir, Friend to Wolves (WAR) 224",RagingTiltMonster#81993 + Mono Black Sac,"3 Spawn of Mayhem (RNA) 85
2 Murderous Rider (ELD) 97
3 Midnight Reaper (GRN) 77
4 Lazotep Reaver (WAR) 96
3 Ayara, First of Locthwain (ELD) 75
4 Cauldron Familiar (ELD) 81
2 Disfigure (M20) 95
3 Gutterbones (RNA) 76
3 Witch's Oven (ELD) 237
4 Knight of the Ebon Legion (M20) 105
20 Swamp (ELD) 258
4 Priest of Forgotten Gods (RNA) 83
2 Castle Locthwain (ELD) 241
1 Dreadhorde Invasion (WAR) 86
2 Order of Midnight (ELD) 99

4 Noxious Grasp (M20) 110
4 Drill Bit (RNA) 73
2 Witch's Vengeance (ELD) 111
2 Ashiok, Dream Render (WAR) 228
2 Legion's End (M20) 106
1 Murderous Rider (ELD) 97
",Palarax91#42011 + Mono Red Cavalcade,"3 Tibalt, Rakish Instigator (WAR) 146
4 Scorch Spitter (M20) 159
4 Runaway Steam-Kin (GRN) 115
4 Fervent Champion (ELD) 124
4 Bonecrusher Giant (ELD) 115
4 Tin Street Dodger (RNA) 120
4 Torbran, Thane of Red Fell (ELD) 147
4 Rimrock Knight (ELD) 137
4 Light Up the Stage (RNA) 107
4 Cavalcade of Calamity (RNA) 95
18 Mountain (ELD) 263
3 Castle Embereth (ELD) 239

3 Experimental Frenzy (GRN) 99
4 Lava Coil (GRN) 108
4 Shock (M19) 156
4 Legion Warboss (GRN) 109"
10/23/2019 17:34:28,Bath to Exile,ThatOneEpicGamer#40357 Red Cavalcade,"4 Chandra, Acolyte of Flame (M20) 126
4 Chandra's Spitfire (M20) 132
1 Fervent Champion (ELD) 124
4 Grim Initiate (WAR) 130
4 Scorch Spitter (M20) 159
4 Tin Street Dodger (RNA) 120
2 Mask of Immolation (M20) 151
4 Torbran, Thane of Red Fell (ELD) 147
4 Light Up the Stage (RNA) 107
4 Shock (M19) 156
4 Cavalcade of Calamity (RNA) 95
1 Castle Embereth (ELD) 239
20 Mountain (XLN) 273

2 Cosmotronic Wave (GRN) 95
2 Embereth Shieldbreaker (ELD) 122
3 Redcap Melee (ELD) 135
2 Scorching Dragonfire (ELD) 139
3 Slaying Fire (ELD) 143
2 Tibalt, Rakish Instigator (WAR) 146
1 Chandra's Pyrohelix (WAR) 120",Echaen#46875 Sultai Food,"3 Oko, Thief of Crowns (ELD) 197
1 Island (MI) 0
2 Watery Grave (GRN) 259
4 Gilded Goose (ELD) 160
4 Murderous Rider (ELD) 97
5 Forest (MI) 0
4 Wicked Wolf (ELD) 181
4 Questing Beast (ELD) 171
4 Hydroid Krasis (RNA) 183
4 Nissa, Who Shakes the World (WAR) 169
4 Overgrown Tomb (GRN) 253
4 Breeding Pool (RNA) 246
2 Temple of Malady (M20) 254
4 Fabled Passage (ELD) 244
2 Swamp (MI) 0
4 Paradise Druid (WAR) 171
1 Voracious Hydra (M20) 200
4 Once Upon a Time (ELD) 169

3 Noxious Grasp (M20) 110
4 Thought Erasure (GRN) 206
2 Disfigure (M20) 95
3 Disdainful Stroke (GRN) 37
2 Legion's End (M20) 106
1 Thrashing Brontodon (M20) 197
",JoshE#18663 Fields and Fires,"2 Kenrith, the Returned King (ELD) 303
1 Agent of Treachery (M20) 43
3 Hydroid Krasis (RNA) 183
3 Golos, Tireless Pilgrim (M20) 226
3 Beanstalk Giant (ELD) 149
4 Fae of Wishes (ELD) 44
1 Time Wipe (WAR) 223
4 Circuitous Route (GRN) 125
3 Deafening Clarion (GRN) 165
4 Growth Spiral (RNA) 178
4 Fires of Invention (ELD) 125
1 Steam Vents (GRN) 257
2 Stomping Ground (RNA) 259
1 Selesnya Guildgate (GRN) 255
2 Island (RTR) 255
1 Forest (ELD) 269
1 Temple Garden (GRN) 258
2 Plains (RTR) 250
1 Temple of Epiphany (M20) 253
1 Temple of Mystery (M20) 255
1 Mountain (XLN) 274
1 Hallowed Fountain (RNA) 251
1 Golgari Guildgate (GRN) 248
1 Thornwood Falls (M20) 258
1 Azorius Guildgate (RNA) 243
1 Boros Guildgate (GRN) 243
4 Field of the Dead (M20) 247
1 Simic Guildgate (RNA) 258
1 Swamp (RTR) 260
4 Evolving Wilds (M20) 246

2 Agent of Treachery (M20) 43
1 Nicol Bolas, Dragon-God (WAR) 207
1 Planar Cleansing (M20) 33
1 Shared Summons (M20) 193
3 Prison Realm (WAR) 26
1 Enter the God-Eternals (WAR) 196
1 Casualties of War (WAR) 187
1 Chandra, Awakened Inferno (M20) 127
1 Deafening Clarion (GRN) 165
2 Deputy of Detention (RNA) 165
1 Mass Manipulation (RNA) 42"
10/23/2019 17:35:32,LJMU,Shippiddge#00708 - Golos Fires,"4 Circuitous Route (GRN) 125
3 Deafening Clarion (GRN) 165
1 Boros Guildgate (GRN) 244
1 Golgari Guildgate (GRN) 249
1 Selesnya Guildgate (GRN) 256
1 Steam Vents (GRN) 257
1 Temple Garden (GRN) 258
4 Growth Spiral (RNA) 178
3 Hydroid Krasis (RNA) 183
1 Azorius Guildgate (RNA) 244
2 Breeding Pool (RNA) 246
1 Hallowed Fountain (RNA) 251
1 Plaza of Harmony (RNA) 254
1 Stomping Ground (RNA) 259
1 Simic Guildgate (WAR) 274
4 Golos, Tireless Pilgrim (M20) 226
4 Field of the Dead (M20) 247
1 Temple of Epiphany (M20) 253
2 Temple of Mystery (M20) 255
1 Realm-Cloaked Giant (ELD) 26
4 Fae of Wishes (ELD) 44
4 Fires of Invention (ELD) 125
2 Beanstalk Giant (ELD) 149
3 Fabled Passage (ELD) 244
1 Plains (ELD) 253
2 Island (ELD) 257
1 Swamp (ELD) 261
1 Mountain (ELD) 265
2 Forest (ELD) 269
1 Thornwood Falls (ELD) 313
1 Kenrith, the Returned King (ELD) 303

1 Chance for Glory (GRN) 159
1 Unmoored Ego (GRN) 212
1 The Elderspell (WAR) 89
1 Planewide Celebration (WAR) 172
1 Casualties of War (WAR) 187
1 Enter the God-Eternals (WAR) 196
1 Nicol Bolas, Dragon-God (WAR) 207
1 Time Wipe (WAR) 223
1 Ashiok, Dream Render (WAR) 228
1 Planar Cleansing (M20) 33
1 Agent of Treachery (M20) 43
1 Flood of Tears (M20) 59
1 Legion's End (M20) 106
1 Garruk, Cursed Huntsman (ELD) 191
1 Oko, Thief of Crowns (ELD) 197",Dismas#02997 - Selesnya Adventure,"4 Faerie Guidemother (ELD) 11
11 Plains (ELD) 253
2 Giant Killer (ELD) 14
3 Shepherd of the Flock (ELD) 28
1 Gideon Blackblade (WAR) 13
1 Unbreakable Formation (RNA) 29
2 Conclave Tribunal (GRN) 6
1 Venerated Loxodon (GRN) 30
4 Edgewall Innkeeper (ELD) 151
10 Forest (ELD) 269
2 Flaxen Intruder (ELD) 155
3 Once Upon a Time (ELD) 169
4 Lovestruck Beast (ELD) 165
4 Flower // Flourish (GRN) 226
1 Temple Garden (GRN) 258
1 Emmara, Soul of the Accord (GRN) 168
2 Knight of Autumn (GRN) 183
2 Trostani Discordant (GRN) 208
2 March of the Multitudes (GRN) 188

3 Deafening Silence (ELD) 10
2 Veil of Summer (M20) 198
1 Flaxen Intruder (ELD) 155
2 Kraul Harpooner (GRN) 136
1 March of the Multitudes (GRN) 188
1 Conclave Tribunal (GRN) 6
2 Outflank (ELD) 23
1 Hushbringer (ELD) 18
2 Return to Nature (ELD) 173",Snuffle#20346 - Mono Red Aggro,"4 Cavalcade of Calamity (RNA) 95
4 Light Up the Stage (RNA) 107
4 Tin Street Dodger (RNA) 120
4 Chandra, Acolyte of Flame (M20) 126
4 Chandra's Spitfire (M20) 132
4 Scorch Spitter (M20) 159
4 Shock (M20) 160
17 Mountain (ELD) 265
4 Fervent Champion (ELD) 124
4 Torbran, Thane of Red Fell (ELD) 147
4 Gingerbrute (ELD) 219
3 Castle Embereth (ELD) 239

3 Bonecrusher Giant (ELD) 115
3 Lava Coil (GRN) 108
3 Fry (M20) 140
2 Flame Sweep (M20) 139
2 Tibalt, Rakish Instigator (WAR) 146
2 Heartfire (WAR) 131"
10/23/2019 17:35:45,West London Wyverns,UrsaGaming13#67356 + Deck1,"1 Steam Vents (GRN) 257
1 Izzet Guildgate (GRN) 252
2 Temple of Epiphany (M20) 253
1 Mystic Sanctuary (ELD) 247
3 Goblin Electromancer (GRN) 174
10 Mountain (ELD) 265
8 Island (ELD) 257
4 Crackling Drake (GRN) 163
1 Niv-Mizzet, Parun (GRN) 192
3 Opt (XLN) 65
4 Improbable Alliance (ELD) 193
2 The Royal Scions (ELD) 199
3 Radical Idea (GRN) 52
2 Shock (M19) 156
4 Irencrag Pyromancer (ELD) 128
4 Thrill of Possibility (ELD) 146
4 Lava Coil (GRN) 108
1 Brazen Borrower (ELD) 39
1 Chemister's Insight (GRN) 32
1 Opt (DAR) 60

2 Chemister's Insight (GRN) 32
1 Agent of Treachery (M20) 43
1 Mass Manipulation (RNA) 42
1 Fry (M20) 140
3 Scorching Dragonfire (ELD) 139
3 Mad Ratter (ELD) 130
1 Irencrag Feat (ELD) 127
2 Loch Dragon (ELD) 211
1 Ral, Caller of Storms (GRN) 265
",AntiAnecdote#91883 + Deck 2,"1 Knight of the Ebon Legion (M20) 105
1 Gravewaker (M20) 323
2 Vampire of the Dire Moon (M20) 120
2 Child of Night (GRN) 65
1 Savage Gorger (M20) 291
2 Vindictive Vampire (RNA) 90
3 Bloodthirsty Aerialist (M20) 91
1 Bone Splinters (M20) 92
2 Murder (M20) 109
12 Swamp (M20) 269
2 Thirsting Bloodlord (M20) 293
1 Gruesome Menagerie (GRN) 71
1 Bolas's Citadel (WAR) 79
4 Jungle Hollow (M20) 248
1 Savvy Hunter (ELD) 200
1 Duress (M20) 97
1 Reave Soul (ELD) 103
1 Reaper of Night (ELD) 102
1 Witch's Cottage (ELD) 249
1 Giant's Skewer (ELD) 91
1 Gingerbread Cabin (ELD) 245
1 Giant Opportunity (ELD) 159
3 Gift of Paradise (M20) 173
1 Rosethorn Acolyte (ELD) 174
1 Fierce Witchstalker (ELD) 154
1 Tall as a Beanstalk (ELD) 178
1 Questing Beast (ELD) 171
1 Aggressive Mammoth (M20) 337
1 Gargos, Vicious Watcher (M20) 172
2 Tuinvale Treefolk (ELD) 180
2 Wakeroot Elemental (M20) 202
4 Golgari Guildgate (GRN) 248",ParkerSuu0726#81902 + Deck 3,"1 Bedeck // Bedazzle (RNA) 221
1 Spawn of Mayhem (RNA) 85
2 Carnival // Carnage (RNA) 222
1 Bedevil (RNA) 157
2 Cult Guildmage (RNA) 164
2 Blade Juggler (RNA) 63 
3 Skewer the Critics (RNA) 115 
2 Light Up the Stage (RNA) 107 
3 Footlight Fiend (RNA) 216 
2 Get the Point (RNA) 176 
2 Rakdos Firewheeler (RNA) 197
3 Hackrobat (RNA) 181
1 Judith, the Scourge Diva (RNA) 185
1 Mayhem Devil (WAR) 204 
2 Rakdos Roustabout (RNA) 198 
2 Spear Spewer (RNA) 117 
1 Theater of Horrors (RNA) 213 
3 Chandra's Pyrohelix (WAR) 120 
1 Dreadhorde Butcher (WAR) 194 
1 Blood Crypt (RNA) 245 
4 Rakdos Guildgate (RNA) 255 
10 Swamp (RNA) 262 
10 Mountain (RNA) 263"
10/23/2019 17:44:16,Sheffield Steel Hellkites,Masterfull#18332 Mono-Red Cavalcade,"4 Fervent Champion (ELD) 124
18 Mountain (ELD) 265
4 Scorch Spitter (M20) 159
4 Tin Street Dodger (RNA) 120
4 Cavalcade of Calamity (RNA) 95
4 Rimrock Knight (ELD) 137
4 Runaway Steam-Kin (GRN) 115
4 Bonecrusher Giant (ELD) 115
4 Torbran, Thane of Red Fell (ELD) 147
3 Tibalt, Rakish Instigator (WAR) 146
4 Light Up the Stage (RNA) 107
3 Castle Embereth (ELD) 239

4 Shock (M19) 156
4 Lava Coil (GRN) 108
1 Mask of Immolation (M20) 151
2 Legion Warboss (GRN) 109
3 Ember Hauler (M20) 137
1 Chandra's Triumph (WAR) 121
",iamkrazy1#84849 Golgari Adventures,"4 Overgrown Tomb (GRN) 253
2 Temple of Malady (M20) 254
4 Edgewall Innkeeper (ELD) 151
8 Swamp (ELD) 261
4 Foulmire Knight (ELD) 90
6 Forest (ELD) 269
4 Order of Midnight (ELD) 99
4 Lovestruck Beast (ELD) 165
4 Murderous Rider (ELD) 97
4 Questing Beast (ELD) 171
3 Rankle, Master of Pranks (ELD) 101
2 Paradise Druid (WAR) 171
2 Legion's End (M20) 106
3 Assassin's Trophy (GRN) 152
4 Golgari Guildgate (GRN) 249
2 Find // Finality (GRN) 225

1 Massacre Girl (WAR) 99
3 Veil of Summer (M20) 198
2 Ashiok, Dream Render (WAR) 228
2 Davriel, Rogue Shadowmage (WAR) 83
3 Noxious Grasp (M20) 110
1 Legion's End (M20) 106
1 Thrashing Brontodon (M20) 197
2 Cavalier of Night (M20) 94",Nickjaycee#18531 Inventive Grixis,"4 Narset, Parter of Veils (WAR) 61
2 Bedevil (RNA) 157
2 Cry of the Carnarium (RNA) 70
4 Thought Erasure (GRN) 206
4 Drawn from Dreams (M20) 56
3 Ritual of Soot (GRN) 84
4 Fires of Invention (ELD) 125
2 Enter the God-Eternals (WAR) 196
2 Liliana, Dreadhorde General (WAR) 97
2 Chandra, Awakened Inferno (M20) 127
4 Blood Crypt (RNA) 245
2 Castle Vantress (ELD) 242
2 Dismal Backwater (M20) 245
3 Fabled Passage (ELD) 244
1 Temple of Epiphany (M20) 253
4 Watery Grave (GRN) 259
3 Steam Vents (GRN) 257
1 Island (ELD) 254
4 Swamp (ELD) 261
1 Mountain (ELD) 263
3 Nicol Bolas, Dragon-God (WAR) 207
1 Interplanar Beacon (WAR) 247
2 Angrath's Rampage (WAR) 185

3 Duress (M20) 97
2 The Elderspell (WAR) 89
3 Leyline of the Void (M20) 107
2 Cry of the Carnarium (RNA) 70
1 Covetous Urge (ELD) 207
3 Krenko, Tin Street Kingpin (WAR) 137
1 Thief of Sanity (GRN) 205"
10/23/2019 17:49:21,Sheffield of Ruin,Jdap#91670 + Gruul Aggro,"4 Zhur-Taa Goblin (RNA) 215
4 Gruul Spellbreaker (RNA) 179
4 Questing Beast (ELD) 171
4 Bonecrusher Giant (ELD) 115
3 Skarrgan Hellkite (RNA) 114
4 Shock (M19) 156
3 Embercleave (ELD) 120
3 Domri's Ambush (WAR) 192
4 Pelt Collector (GRN) 141
2 Robber of the Rich (ELD) 138
9 Forest (ELD) 268
8 Mountain (ELD) 265
4 Stomping Ground (RNA) 259
2 Castle Embereth (ELD) 239
1 Collision // Colossus (RNA) 223
1 Domri, Anarch of Bolas (WAR) 191

2 Chandra, Fire Artisan (WAR) 119
2 Shifting Ceratops (M20) 194
4 Flame Sweep (M20) 139
1 Rhythm of the Wild (RNA) 201
3 Cindervines (RNA) 161
1 Domri's Ambush (WAR) 192
1 Domri, Anarch of Bolas (WAR) 191
1 Collision // Colossus (RNA) 223",liutinghao#16861 + Golgari Knights,"2 Castle Locthwain (ELD) 241
4 Overgrown Tomb (GRN) 253
5 Forest (M20) 277
9 Swamp (M19) 272
4 Knight of the Ebon Legion (M20) 105
4 Edgewall Innkeeper (ELD) 151
4 Blacklance Paragon (ELD) 79
4 Order of Midnight (ELD) 99
4 Smitten Swordmaster (ELD) 105
4 Foulmire Knight (ELD) 90
4 Murderous Rider (ELD) 97
4 Midnight Reaper (GRN) 77
4 Lucky Clover (ELD) 226
4 Once Upon a Time (ELD) 169

3 Assassin's Trophy (GRN) 152
3 Duress (M19) 94
3 Ashiok, Dream Render (WAR) 228
2 Legion's End (M20) 106
4 Noxious Grasp (M20) 110",ArthurJP#67091 + Bant Golos,"3 Agent of Treachery (M20) 43
3 Arboreal Grazer (WAR) 149
2 Beanstalk Giant (ELD) 149
4 Hydroid Krasis (RNA) 183
1 Realm-Cloaked Giant (ELD) 26
4 Golos, Tireless Pilgrim (M20) 226
1 Kenrith, the Returned King (ELD) 303
3 Teferi, Time Raveler (WAR) 221
2 Forest (MI) 0
2 Island (MI) 0
1 Mountain (MI) 0
1 Plains (MI) 0
1 Azorius Guildgate (RNA) 243
1 Blossoming Sands (M20) 243
1 Boros Guildgate (GRN) 244
2 Breeding Pool (RNA) 246
1 Dimir Guildgate (GRN) 246
3 Fabled Passage (ELD) 244
4 Field of the Dead (M20) 247
1 Hallowed Fountain (RNA) 251
1 Plaza of Harmony (RNA) 254
1 Selesnya Guildgate (GRN) 256
1 Simic Guildgate (RNA) 257
2 Temple Garden (GRN) 258
1 Temple of Mystery (M20) 255
1 Thornwood Falls (M20) 258
1 Tranquil Cove (M20) 259
4 Growth Spiral (RNA) 178
2 Time Wipe (WAR) 223
4 Circuitous Route (GRN) 125
1 Golgari Guildgate (GRN) 248

1 Time Wipe (WAR) 223
2 Deputy of Detention (RNA) 165
1 Prison Realm (WAR) 26
2 Aether Gust (M20) 42
2 Disdainful Stroke (GRN) 37
3 Veil of Summer (M20) 198
1 Kenrith, the Returned King (ELD) 303
2 Devout Decree (M20) 13
1 Mystical Dispute (ELD) 58"
10/23/2019 17:49:49,WOIHFTM,free money#39490 + https://www.youtube.com/watch?v=jvupK5lHOqU,"1 Drakuseth, Maw of Flames (M20) 136
1 Shivan Dragon (M20) 335
4 Chandra's Spitfire (M20) 132
4 Pack Mastiff (M20) 152
4 Shock (M20) 160
3 Chandra's Outrage (M20) 130
4 Goblin Gathering (RNA) 104
2 Fire Urchin (GRN) 101
4 Spellgorger Weird (WAR) 145
2 Chandra's Pyrohelix (WAR) 120
2 Inescapable Blaze (GRN) 107
1 Meteor Golem (M20) 232
25 Mountain (M20) 273
3 Ember Hauler (M20) 137

No Side Deck",Brian Munching#93709 + caress the booty,"2 Drakuseth, Maw of Flames (M20) 136
2 Shivan Dragon (M20) 335
4 Chandra's Spitfire (M20) 132
4 Pack Mastiff (M20) 152
4 Shock (M20) 160
4 Chandra's Outrage (M20) 130
4 Spellgorger Weird (WAR) 145
3 Chandra's Pyrohelix (WAR) 120
2 Inescapable Blaze (GRN) 107
1 Meteor Golem (M20) 232
24 Mountain (M20) 273
3 Ember Hauler (M20) 137
1 Fire Urchin (GRN) 101
1 Erratic Cyclops (GRN) 98
1 Infuriate (M20) 145",Captain_Gat8x#73683 + Stan BTS,"1 Drakuseth, Maw of Flames (M20) 136
1 Shivan Dragon (M20) 335
4 Chandra's Spitfire (M20) 132
4 Pack Mastiff (M20) 152
4 Shock (M20) 160
3 Chandra's Outrage (M20) 130
4 Goblin Gathering (RNA) 104
2 Fire Urchin (GRN) 101
4 Spellgorger Weird (WAR) 145
2 Chandra's Pyrohelix (WAR) 120
2 Inescapable Blaze (GRN) 107
1 Meteor Golem (M20) 232
25 Mountain (M20) 273
3 Ember Hauler (M20) 137"
10/23/2019 17:50:16,WOIHFTM,free money#39490 + https://www.youtube.com/watch?v=jvupK5lHOqU,"1 Drakuseth, Maw of Flames (M20) 136
1 Shivan Dragon (M20) 335
4 Chandra's Spitfire (M20) 132
4 Pack Mastiff (M20) 152
4 Shock (M20) 160
3 Chandra's Outrage (M20) 130
4 Goblin Gathering (RNA) 104
2 Fire Urchin (GRN) 101
4 Spellgorger Weird (WAR) 145
2 Chandra's Pyrohelix (WAR) 120
2 Inescapable Blaze (GRN) 107
1 Meteor Golem (M20) 232
25 Mountain (M20) 273
3 Ember Hauler (M20) 137

No Side Deck",Brian Munching#93709 + caress the booty,"2 Drakuseth, Maw of Flames (M20) 136
2 Shivan Dragon (M20) 335
4 Chandra's Spitfire (M20) 132
4 Pack Mastiff (M20) 152
4 Shock (M20) 160
4 Chandra's Outrage (M20) 130
4 Spellgorger Weird (WAR) 145
3 Chandra's Pyrohelix (WAR) 120
2 Inescapable Blaze (GRN) 107
1 Meteor Golem (M20) 232
24 Mountain (M20) 273
3 Ember Hauler (M20) 137
1 Fire Urchin (GRN) 101
1 Erratic Cyclops (GRN) 98
1 Infuriate (M20) 145",Captain_Gat8x#73683 + Stan BTS,"1 Drakuseth, Maw of Flames (M20) 136
1 Shivan Dragon (M20) 335
4 Chandra's Spitfire (M20) 132
4 Pack Mastiff (M20) 152
4 Shock (M20) 160
3 Chandra's Outrage (M20) 130
4 Goblin Gathering (RNA) 104
2 Fire Urchin (GRN) 101
4 Spellgorger Weird (WAR) 145
2 Chandra's Pyrohelix (WAR) 120
2 Inescapable Blaze (GRN) 107
1 Meteor Golem (M20) 232
25 Mountain (M20) 273
3 Ember Hauler (M20) 137"
10/23/2019 17:50:25,Keele Leaf Champions,Hend0#51967  + Jund,"4 Angrath's Rampage (WAR) 185
3 Swamp (M19) 272
3 Blood Crypt (RNA) 245
2 Bedevil (RNA) 157
2 Widespread Brutality (WAR) 226
2 Bloodfell Caves (M20) 242
1 Stomping Ground (RNA) 259
1 Gruul Guildgate (RNA) 249
1 Gruul Spellbreaker (RNA) 179
3 Mountain (XLN) 275
2 Sunder Shaman (RNA) 210
3 Overgrown Tomb (GRN) 253
1 Temple of Malady (M20) 254
1 Golgari Guildgate (GRN) 248
3 Assassin's Trophy (GRN) 152
3 Status // Statue (GRN) 230
1 Legion's End (M20) 106
1 God-Eternal Bontu (WAR) 92
2 Knight of the Ebon Legion (M20) 105
2 Spark Harvest (WAR) 105
3 Ob Nixilis's Cruelty (WAR) 101
1 Liliana, Dreadhorde General (WAR) 97
1 Drakuseth, Maw of Flames (M20) 136
4 Paradise Druid (WAR) 171
1 Midnight Reaper (GRN) 77
1 Ilharg, the Raze-Boar (WAR) 133
1 God-Eternal Rhonas (WAR) 163
1 Chandra, Awakened Inferno (M20) 127
3 Rugged Highlands (M20) 250
3 Forest (ANA) 60

4 Duress (M19) 94
2 Cry of the Carnarium (RNA) 70
2 Cindervines (RNA) 161
2 Rhythm of the Wild (RNA) 201
1 Moldervine Reclamation (M20) 214
1 Casualties of War (WAR) 187
1 Sorcerous Spyglass (XLN) 248
2 Golgari Findbroker (GRN) 175
",Emmeril#80932 + Simic Stuff,"2 Pelt Collector (GRN) 141
10 Forest (ELD) 269
2 Kasmina's Transmutation (WAR) 57
2 Hypnotic Sprite (ELD) 49
2 Giant Growth (WAR) 162
9 Island (ELD) 257
4 Maraleaf Pixie (ELD) 196
2 Fierce Witchstalker (ELD) 154
2 Spark Double (WAR) 68
2 Nissa, Who Shakes the World (WAR) 169
3 Breeding Pool (RNA) 246
4 Growth Spiral (RNA) 178
2 Lovestruck Beast (ELD) 165
3 Rabid Bite (M20) 190
2 Oko, Thief of Crowns (ELD) 197
3 Wicked Wolf (ELD) 181
2 Hydroid Krasis (RNA) 183
2 Negate (M20) 69
2 Voracious Hydra (M20) 200

1 Flood of Tears (M20) 59
1 Mass Manipulation (RNA) 42
4 Return to Nature (ELD) 173
2 Essence Capture (RNA) 37
2 Unsummon (M20) 78
2 Narset, Parter of Veils (WAR) 61
2 Kraul Harpooner (GRN) 136
1 Plummet (RIX) 143
",ZA_WARUDO#61824 + izzet draw,"4 Steam Vents (GRN) 257
4 Improbable Alliance (ELD) 193
7 Island (ELD) 257
8 Mountain (ELD) 264
4 Opt (XLN) 65
3 Radical Idea (GRN) 52
4 Shock (M20) 160
3 Crackling Drake (GRN) 163
3 Lava Coil (GRN) 108
4 Irencrag Pyromancer (ELD) 128
3 The Royal Scions (ELD) 199
1 Kasmina, Enigmatic Mentor (WAR) 56
4 Thrill of Possibility (ELD) 146
2 Niv-Mizzet, Parun (GRN) 192
2 Dreadhorde Arcanist (WAR) 125
3 Temple of Epiphany (M20) 253
1 Mystical Dispute (ELD) 58

2 Aether Gust (M20) 42
1 Lava Coil (GRN) 108
2 Legion Warboss (GRN) 109
2 Disdainful Stroke (GRN) 37
2 Fry (M20) 140
2 Flame Sweep (M20) 139
1 Niv-Mizzet, Parun (GRN) 192
1 Ral, Izzet Viceroy (GRN) GR5
2 Mystical Dispute (ELD) 58"
10/23/2019 17:58:34,Geists of St Andrews,Ticklemedeltorro#09795 Jeskai Super Fires,"1 Shimmer of Possibility (RNA) 51
4 Steam Vents (GRN) 257
1 Castle Vantress (ELD) 242
4 Fae of Wishes (ELD) 44
3 Narset, Parter of Veils (WAR) 61
4 Teferi, Time Raveler (WAR) 221
4 Island (ANA) 57
2 Sarkhan the Masterless (WAR) 143
2 Mu Yanling, Sky Dancer (M20) 68
2 Prison Realm (WAR) 26
3 Deafening Clarion (GRN) 165
4 Hallowed Fountain (RNA) 251
4 Interplanar Beacon (WAR) 247
3 Sacred Foundry (GRN) 254
4 Fires of Invention (ELD) 125
2 Justice Strike (GRN) 182
4 Temple of Epiphany (M20) 253
1 Temple of Triumph (M20) 257
2 Lava Coil (GRN) 108
2 The Royal Scions (ELD) 199
2 Time Wipe (WAR) 223
2 Drawn from Dreams (M20) 56

1 Sarkhan the Masterless (WAR) 143
1 Disenchant (M20) 14
1 The Elderspell (WAR) 89
1 Sorcerous Spyglass (XLN) 248
1 Emergency Powers (RNA) 169
1 Unmoored Ego (GRN) 212
1 Ashiok, Dream Render (WAR) 228
1 Nicol Bolas, Dragon-God (WAR) 207
1 Chandra, Awakened Inferno (M20) 127
3 Dovin's Veto (WAR) 193
1 Kaya's Wrath (RNA) 187
1 Expansion // Explosion (GRN) 224
1 Mass Manipulation (RNA) 42
",MessedThoughts#85415 Gruul Aggro,"4 Pelt Collector (GRN) 141
4 Zhur-Taa Goblin (RNA) 215
4 Gruul Spellbreaker (RNA) 179
2 Bonecrusher Giant (ELD) 115
3 Skarrgan Hellkite (RNA) 114
4 Questing Beast (ELD) 171
3 Paradise Druid (WAR) 171
2 Kraul Harpooner (GRN) 136
4 Once Upon a Time (ELD) 169
3 Collision // Colossus (RNA) 223
2 Embercleave (ELD) 120
10 Forest (XLN) 277
8 Mountain (XLN) 273
4 Stomping Ground (RNA) 259
2 Domri's Ambush (WAR) 192
1 Castle Embereth (ELD) 239

3 Veil of Summer (M20) 198
1 Thrashing Brontodon (RIX) 148
2 Shock (M19) 156
2 Redcap Melee (ELD) 135
1 Domri's Ambush (WAR) 192
3 Lovestruck Beast (ELD) 165
2 Cindervines (RNA) 161
1 Bonecrusher Giant (ELD) 115",Yatsu#36935 Simic Flash,"3 Spectral Sailor (M20) 76
9 Island (ELD) 257
4 Brineborn Cutthroat (M20) 50
3 Wildborn Preserver (ELD) 182
5 Forest (ELD) 269
4 Brazen Borrower (ELD) 39
4 Frilled Mystic (RNA) 174
4 Nightpack Ambusher (M20) 185
2 Unsummon (M20) 78
1 Negate (RIX) 44
4 Quench (RNA) 48
4 Sinister Sabotage (GRN) 54
4 Breeding Pool (RNA) 246
2 Fabled Passage (ELD) 244
4 Temple of Mystery (M20) 255
3 Opt (XLN) 65

2 Oko, Thief of Crowns (ELD) 197
2 Aether Gust (M20) 42
3 Cerulean Drake (M20) 53
3 Mystical Dispute (ELD) 58
3 Shifting Ceratops (M20) 194
1 Negate (RIX) 44
1 Disdainful Stroke (GRN) 37"
10/23/2019 18:06:15,Edinburgh Eldrazi,Dolphan#76950 Rakdos Sacrifice,"4 Cauldron Familiar (ELD) 81
10 Swamp (ANA) 58
4 Witch's Oven (ELD) 237
4 Knight of the Ebon Legion (M20) 105
4 Gutterbones (RNA) 76
3 Claim the Firstborn (ELD) 118
3 Mountain (ELD) 265
4 Lazotep Reaver (WAR) 96
4 Mayhem Devil (WAR) 204
3 Dreadhorde Invasion (WAR) 86
4 Rankle, Master of Pranks (ELD) 101
3 Castle Locthwain (ELD) 241
4 Blood Crypt (RNA) 245
2 Fabled Passage (ELD) 244
4 Priest of Forgotten Gods (RNA) 83

1 Claim the Firstborn (ELD) 118
4 Legion's End (M20) 106
4 Noxious Grasp (M20) 110
4 Drill Bit (RNA) 73
2 Murderous Rider (ELD) 97",jlegolas#18238 NUEL DECK,"4 Breeding Pool (RNA) 246
2 Brazen Borrower (ELD) 39
2 Growth Spiral (RNA) 178
11 Forest (XLN) 277
4 Gilded Goose (ELD) 160
4 Hydroid Krasis (RNA) 183
9 Island (XLN) 265
4 Nissa, Who Shakes the World (WAR) 169
4 Oko, Thief of Crowns (ELD) 197
3 Voracious Hydra (M20) 200
4 Paradise Druid (WAR) 171
4 Questing Beast (ELD) 171
1 Castle Vantress (ELD) 242
4 Wicked Wolf (ELD) 181

3 Veil of Summer (M20) 198
3 Aether Gust (M20) 42
1 Ashiok, Dream Render (WAR) 228
1 Yorvo, Lord of Garenbrig (ELD) 185
4 Disdainful Stroke (GRN) 37
1 Shifting Ceratops (M20) 194
2 Frilled Mystic (RNA) 174",SirSalty#98097 Selesnya Adventures,"4 Edgewall Innkeeper (ELD) 151
9 Plains (ELD) 252
4 Faerie Guidemother (ELD) 11
8 Forest (ELD) 269
4 Lovestruck Beast (ELD) 165
4 Giant Killer (ELD) 14
3 Venerated Loxodon (GRN) 30
2 Flaxen Intruder (ELD) 155
1 Gideon Blackblade (WAR) 13
2 Trostani Discordant (GRN) 208
4 Temple Garden (GRN) 258
3 Flower // Flourish (GRN) 226
4 Once Upon a Time (ELD) 169
1 March of the Multitudes (GRN) 188
1 Conclave Tribunal (GRN) 6
3 Shepherd of the Flock (ELD) 28
1 Knight of Autumn (GRN) 183
2 Unbreakable Formation (RNA) 29

2 Apostle of Purifying Light (M20) 6
3 Oakhame Adversary (ELD) 167
3 Glass Casket (ELD) 15
1 Gideon Blackblade (WAR) 13
3 Devout Decree (M20) 13
1 March of the Multitudes (GRN) 188
2 Conclave Tribunal (GRN) 6"
10/23/2019 18:09:37,Cambridge Splinter Triplets,Falcoso#20765 + UW Fliers,"4 Healer's Hawk (GRN) 14
10 Island (ANA) 62
2 Sephara, Sky's Blade (M20) 36
1 Mystic Sanctuary (ELD) 247
4 Opt (ELD) 59
11 Plains (ANA) 61
2 Absorb (RNA) 151
4 Unsummon (M20) 78
4 Cloudkin Seer (M20) 54
3 Warden of Evos Isle (M20) 79
4 Winged Words (M20) 80
2 Murmuring Mystic (GRN) 45
4 Empyrean Eagle (M20) 208
2 Pacifism (M20) 32
3 Faerie Vandal (ELD) 45

2 Spectral Sailor (M20) 76
3 Serra's Guardian (M20) 310
4 Angel of Vitality (M20) 4
2 Dungeon Geists (M20) 57
2 Absorb (RNA) 151
1 Disenchant (M20) 14",PSozzy#22285 ,"4 Narset, Parter of Veils (WAR) 61
5 Island (ELD) 257
2 Bedevil (RNA) 157
5 Swamp (ELD) 261
4 Mountain (ELD) 265
3 Murderous Rider (ELD) 97
2 Chandra, Awakened Inferno (M20) 127
4 Thought Erasure (GRN) 206
2 Angrath's Rampage (WAR) 185
1 Ugin, the Ineffable (WAR) 2
2 Evolving Wilds (M20) 246
1 Ritual of Soot (GRN) 84
2 Liliana, Dreadhorde General (WAR) 97
3 Watery Grave (GRN) 259
3 Nicol Bolas, Dragon-God (WAR) 207
1 Enter the God-Eternals (WAR) 196
2 Interplanar Beacon (WAR) 247
4 Drawn from Dreams (M20) 56
2 Steam Vents (GRN) 257
2 Blood Crypt (RNA) 245
2 Discovery // Dispersal (GRN) 223
4 Fires of Invention (ELD) 125

2 Legion's End (M20) 106
3 Negate (M20) 69
3 Duress (M20) 97
2 Noxious Grasp (M20) 110
2 Ritual of Soot (GRN) 84
1 The Elderspell (WAR) 89
2 Ashiok, Dream Render (WAR) 228",Chamber Jr#11962 + Bant Lands,"1 Agent of Treachery (M20) 43
3 Arboreal Grazer (WAR) 149
2 Beanstalk Giant (ELD) 149
4 Hydroid Krasis (RNA) 183
2 Realm-Cloaked Giant (ELD) 26
4 Golos, Tireless Pilgrim (M20) 226
1 Kenrith, the Returned King (ELD) 303
1 Oko, Thief of Crowns (ELD) 197
2 Teferi, Time Raveler (WAR) 221
2 Forest (XLN) 277
2 Island (XLN) 265
1 Mountain (XLN) 273
1 Plains (XLN) 261
1 Azorius Guildgate (RNA) 243
1 Blossoming Sands (M20) 243
1 Boros Guildgate (GRN) 244
2 Breeding Pool (RNA) 246
1 Dimir Guildgate (GRN) 246
3 Fabled Passage (ELD) 244
4 Field of the Dead (M20) 247
1 Hallowed Fountain (RNA) 251
1 Plaza of Harmony (RNA) 254
1 Selesnya Guildgate (GRN) 256
1 Simic Guildgate (RNA) 257
1 Stomping Ground (RNA) 259
2 Temple Garden (GRN) 258
1 Temple of Mystery (M20) 255
1 Thornwood Falls (M20) 258
1 Tranquil Cove (M20) 259
4 Growth Spiral (RNA) 178
3 Once Upon a Time (ELD) 169
4 Circuitous Route (GRN) 125

2 Agent of Treachery (M20) 43
2 Deputy of Detention (RNA) 165
1 Prison Realm (WAR) 26
2 Aether Gust (M20) 42
2 Disdainful Stroke (GRN) 37
2 Veil of Summer (M20) 198
1 Kenrith, the Returned King (ELD) 303
2 Devout Decree (M20) 13
1 Time Wipe (WAR) 223
"
10/23/2019 18:13:56,#KillDaxos,Daedalus#59035,"4 Torbran, Thane of Red Fell (ELD) 147
4 Scorch Spitter (M20) 159
3 Chandra's Pyrohelix (WAR) 120
4 Chandra's Spitfire (M20) 132
4 Cavalcade of Calamity (RNA) 95
4 Shock (M20) 160
22 Mountain (ELD) 265
2 Bonecrusher Giant (ELD) 115
2 Legion Warboss (GRN) 109
2 Dwarven Mine (ELD) 243
2 Footlight Fiend (RNA) 216
3 Tin Street Dodger (RNA) 120
4 Goblin Gathering (RNA) 104

1 Cosmotronic Wave (GRN) 95
2 Demolish (WAR) 123
2 Deface (RNA) 98",Ed_C#34159,"1 Bedevil (RNA) 157
11 Swamp (ELD) 261
3 Mountain (ELD) 265
4 Mayhem Devil (WAR) 204
4 Blood Crypt (RNA) 245
4 Cauldron Familiar (ELD) 81
4 Ayara, First of Locthwain (ELD) 75
4 Foreboding Fruit (ELD) 88
4 Bake into a Pie (ELD) 76
2 Midnight Reaper (GRN) 77
3 Syr Konrad, the Grim (ELD) 107
4 Chandra, Acolyte of Flame (M20) 126
4 Witch's Oven (ELD) 237
2 Giant's Skewer (ELD) 91
4 Bloodfell Caves (M20) 242
2 Fabled Passage (ELD) 244",Jaamy#40813,"1 Cloudkin Seer (M20) 54
2 Archon of Absolution (ELD) 3
4 Pacifism (M20) 32
4 Warden of Evos Isle (M20) 79
10 Plains (ELD) 253
1 Opt (XLN) 65
4 Unsummon (M20) 78
10 Island (ELD) 257
4 Winged Words (M20) 80
2 Dungeon Geists (M20) 57
2 Windstorm Drake (RNA) 60
1 Riddlemaster Sphinx (M20) 317
1 Atemsis, All-Seeing (M20) 46
1 Elite Guardmage (WAR) 195
1 Brazen Borrower (ELD) 39
2 Azorius Skyguard (RNA) 155
1 Sephara, Sky's Blade (M20) 36
2 Didn't Say Please (ELD) 42
2 Tranquil Cove (M20) 259
3 Empyrean Eagle (M20) 208
2 Hallowed Fountain (RNA) 251
1 Time Wipe (WAR) 223

1 Cloudkin Seer (M20) 54
2 Charmed Sleep (ELD) 40
1 Didn't Say Please (ELD) 42
2 Lawmage's Binding (RNA) 190
2 Healer's Hawk (GRN) 14
1 Glass Casket (ELD) 15
1 Luminous Bonds (GRN) 21
2 Dawning Angel (M20) 11
2 Spectral Sailor (M20) 76
1 Run Away Together (ELD) 62"
10/23/2019 18:19:12,Bristol Dreadnought,Piekron#82669 Mardu knights V1.3,"
4 Fervent Champion (ELD) 124
4 Acclaimed Contender (ELD) 1
4 Rimrock Knight (ELD) 137
4 Blacklance Paragon (ELD) 79
4 Inspiring Veteran (ELD) 194
4 Knight of the Ebon Legion (M20) 105
3 Rotting Regisaur (M20) 111
4 Steelclaw Lance (ELD) 202
4 Embercleave (ELD) 120
5 Mountain (XLN) 273
3 Swamp (XLN) 269
3 Blood Crypt (RNA) 245
3 Sacred Foundry (GRN) 254
4 Tournament Grounds (ELD) 248
4 Godless Shrine (RNA) 248
2 Dreadhorde Butcher (WAR) 194
1 Skyknight Vanguard (M20) 218

4 Legion's End (M20) 106
1 Chance for Glory (GRN) 159
4 Noxious Grasp (M20) 110
4 Angrath's Rampage (WAR) 185
2 Devout Decree (M20) 13
",blitzcrank#48790 Black Green adventure,"2 Foulmire Knight (ELD) 90
8 Swamp (ELD) 261
2 Edgewall Innkeeper (ELD) 151
1 Gilded Goose (ELD) 160
10 Forest (ANA) 65
2 Lucky Clover (ELD) 226
3 Paradise Druid (WAR) 171
1 Incubation Druid (RNA) 131
1 Bake into a Pie (ELD) 76
1 Assassin's Trophy (GRN) 152
3 Once Upon a Time (ELD) 169
2 Voracious Hydra (M20) 200
3 Murderous Rider (ELD) 97
2 Yorvo, Lord of Garenbrig (ELD) 185
1 Questing Beast (ELD) 171
1 Spawn of Mayhem (RNA) 85
1 Return of the Wildspeaker (ELD) 172
1 Garruk, Cursed Huntsman (ELD) 191
3 Beanstalk Giant (ELD) 149
2 Feasting Troll King (ELD) 152
1 The Great Henge (ELD) 161
1 End-Raze Forerunners (RNA) 124
1 Reaper of Night (ELD) 102
1 Pelt Collector (GRN) 141
1 Jungle Hollow (M20) 248
1 Overgrown Tomb (GRN) 253
2 Castle Garenbrig (ELD) 240
1 Castle Locthwain (ELD) 241
1 Wicked Wolf (ELD) 181

1 Specter's Shriek (ELD) 106
1 Duress (M20) 97
2 Epic Downfall (ELD) 85
3 Bake into a Pie (ELD) 76
2 Order of Midnight (ELD) 99
1 Reave Soul (ELD) 103
2 Rabid Bite (M20) 190
2 Return to Nature (ELD) 173
1 Oakhame Adversary (ELD) 167
",Fudgefox#49945 Temur Elementals V3.1,"2 Growth Spiral (RNA) 178
6 Forest (ANA) 65
4 Risen Reef (M20) 217
2 Mountain (ANA) 64
3 Omnath, Locus of the Roil (M20) 216
3 Island (ANA) 62
4 Cavalier of Thorns (M20) 167
3 Nissa, Who Shakes the World (WAR) 169
2 Chandra, Awakened Inferno (M20) 127
2 Arboreal Grazer (WAR) 149
2 Lava Coil (GRN) 108
4 Leafkin Druid (M20) 178
2 Living Twister (WAR) 203
3 Flood of Tears (M20) 59
2 Hydroid Krasis (RNA) 183
3 Steam Vents (GRN) 257
2 Temple of Epiphany (M20) 253
3 Stomping Ground (RNA) 259
3 Breeding Pool (RNA) 246
2 Temple of Mystery (M20) 255
1 Thornwood Falls (M20) 258
1 Swiftwater Cliffs (M20) 252
1 Cavalier of Flame (M20) 125

2 Fry (M20) 140
3 Veil of Summer (M20) 198
3 Disdainful Stroke (GRN) 37
2 Flame Sweep (M20) 139
1 Shifting Ceratops (M20) 194
2 Agent of Treachery (M20) 43
2 Natural End (M20) 183"
10/23/2019 18:21:57,Solent Salamanders,grusso94#27343 Cavalcata,"4 Chandra, Acolyte of Flame (M20) 126
21 Mountain (ELD) 265
4 Chandra's Spitfire (M20) 132
4 Fervent Champion (ELD) 124
4 Grim Initiate (WAR) 130
4 Scorch Spitter (M20) 159
3 Tin Street Dodger (RNA) 120
4 Torbran, Thane of Red Fell (ELD) 147
4 Light Up the Stage (RNA) 107
4 Shock (M19) 156
4 Cavalcade of Calamity (RNA) 95

1 Tin Street Dodger (RNA) 120
2 Cosmotronic Wave (GRN) 95
2 Embereth Shieldbreaker (ELD) 122
3 Redcap Melee (ELD) 135
2 Scorching Dragonfire (ELD) 139
3 Lava Coil (GRN) 108
2 Risk Factor (GRN) 113",Maiko#20264 Forest Bois,"2 Greenwood Sentinel (M20) 174
1 Gingerbread Cabin (ELD) 245
3 Rosethorn Halberd (ELD) 175
2 Generous Stray (GRN) 129
1 Voracious Hydra (M20) 200
1 Vivien, Nature's Avenger (M20) 298
16 Forest (ELD) 269
2 Gift of Paradise (M20) 173
4 Temple of Malady (M20) 254
2 Vampire of the Dire Moon (M20) 120
2 Disfigure (M20) 95
2 Kraul Harpooner (GRN) 136
2 Ferocious Pup (M20) 171
2 Jungle Hollow (M20) 248
4 Giant Growth (WAR) 162
2 Woodland Champion (M20) 205
3 Gilded Goose (ELD) 160
3 Cauldron Familiar (ELD) 81
3 Witch's Oven (ELD) 237
1 Foulmire Knight (ELD) 90
2 Golgari Locket (GRN) 237

2 Might of the Masses (GRN) 137
4 Netcaster Spider (M20) 184
2 Feral Invocation (M20) 170
2 Plummet (M20) 188
2 Might of the Masses (M20) 182",Doomranger8#51285 red blue draw (non e),"2 Opt (ELD) 59
2 Didn't Say Please (ELD) 42
2 Merchant of the Vale (ELD) 131
4 Irencrag Pyromancer (ELD) 128
8 Mountain (ELD) 265
1 Into the Story (ELD) 50
2 Witching Well (ELD) 74
9 Island (ELD) 257
2 Arrester's Admonition (RNA) 31
2 Thrill of Possibility (ELD) 146
1 Ral, Caller of Storms (GRN) 265
2 Crackling Drake (GRN) 163
2 Improbable Alliance (ELD) 193
4 Swiftwater Cliffs (M20) 252
1 Steam Vents (GRN) 257
2 Niv-Mizzet, Parun (GRN) 192
2 Radical Idea (GRN) 52
2 Cloudkin Seer (M20) 54
2 Winged Words (M20) 80
3 Negate (M20) 69
2 Unsummon (M20) 78
1 Spinning Wheel (ELD) 234
1 Heraldic Banner (ELD) 222
1 Goblin Electromancer (GRN) 174

1 Thousand-Year Storm (GRN) 207
1 Hallowed Fountain (RNA) 251
1 Verity Circle (RNA) 58
1 Sacred Foundry (GRN) 254
1 Tranquil Cove (M20) 259
1 Flame Sweep (M20) 139
2 Embereth Shieldbreaker (ELD) 122
2 Disenchant (M20) 14
1 Expose to Daylight (RNA) 8
2 Redcap Melee (ELD) 135
1 Wind-Scarred Crag (M20) 260
1 Cerulean Drake (M20) 53"
10/23/2019 18:22:49,we play goats,Flux#26566,"4 Merfolk Secretkeeper (ELD) 53
17 Island (M20) 265
4 Overwhelmed Apprentice (ELD) 60
4 Drowned Secrets (GRN) 39
2 Vantress Gargoyle (ELD) 71
4 Wall of Lost Thoughts (RNA) 59
4 Thought Collapse (RNA) 57
4 Didn't Say Please (ELD) 42
4 Witching Well (ELD) 74
3 Into the Story (ELD) 50
4 Mystic Sanctuary (ELD) 247
1 Castle Vantress (ELD) 242
2 Callous Dismissal (WAR) 44
1 Unsummon (M20) 78
1 Narset, Parter of Veils (WAR) 61
1 Corridor Monitor (ELD) 41

1 Warrant // Warden (RNA) 230
1 Run Away Together (ELD) 62
2 So Tiny (ELD) 64",Slyzard#36731,"3 Season of Growth (M20) 191
4 Rabid Bite (M20) 190
21 Forest (ELD) 269
1 Voracious Hydra (M20) 200
4 Greenwood Sentinel (M20) 174
2 Gargos, Vicious Watcher (M20) 172
3 Gnarlback Rhino (M20) 300
4 Giant Growth (WAR) 162
3 Generous Stray (GRN) 129
4 Silhana Wayfinder (RNA) 141
3 Flower // Flourish (GRN) 226
4 Growth Cycle (M20) 175
3 Barkhide Troll (M20) 165
1 Return of the Wildspeaker (ELD) 172

",Kog#27842,"4 Vampire of the Dire Moon (M20) 120
3 Knight of the Ebon Legion (M20) 105
4 Bloodthirsty Aerialist (M20) 91
3 Child of Night (GRN) 65
1 Toll of the Invasion (WAR) 108
3 Sorin's Thirst (M20) 325
3 Vindictive Vampire (RNA) 90
4 Scoured Barrens (M20) 251
1 Forever Young (ELD) 89
3 Dark Remedy (M20) 321
1 Epicure of Blood (M20) 99
4 Evolving Wilds (M20) 246
3 Vampire Opportunist (M20) 326
3 Murder (M20) 109
2 Disfigure (M20) 95
2 Thirsting Bloodlord (M20) 293
16 Swamp (M20) 269

"
10/23/2019 18:24:33,Failing Exepectations,Dinklebee#34563 +mono red cavalcade,"3 Tibalt, Rakish Instigator (WAR) 146
4 Scorch Spitter (M20) 159
4 Runaway Steam-Kin (GRN) 115
4 Tin Street Dodger (RNA) 120
4 Torbran, Thane of Red Fell (ELD) 147
4 Rimrock Knight (ELD) 137
4 Light Up the Stage (RNA) 107
4 Cavalcade of Calamity (RNA) 95
21 Mountain (XLN) 273
1 Chandra, Acolyte of Flame (M20) 126
3 Chandra's Spitfire (M20) 132
4 Fervent Champion (ELD) 124

2 Experimental Frenzy (GRN) 99
4 Lava Coil (GRN) 108
4 Shock (M19) 156
4 Legion Warboss (GRN) 109
1 Fry (M20) 140",Player778943#86951 + bant golos,"4 Golos, Tireless Pilgrim (M20) 226
3 Arboreal Grazer (WAR) 149
2 Island (ELD) 257
4 Circuitous Route (GRN) 125
4 Growth Spiral (RNA) 178
1 Boros Guildgate (GRN) 243
1 Golgari Guildgate (GRN) 249
1 Time Wipe (WAR) 223
1 Izzet Guildgate (GRN) 251
2 Hydroid Krasis (RNA) 183
2 Teferi, Time Raveler (WAR) 221
4 Field of the Dead (M20) 247
1 Agent of Treachery (M20) 43
1 Thornwood Falls (M20) 258
3 Fabled Passage (ELD) 244
1 Temple Garden (GRN) 258
1 Selesnya Guildgate (GRN) 255
1 Blossoming Sands (M20) 243
1 Tranquil Cove (M20) 259
1 Azorius Guildgate (RNA) 243
1 Hallowed Fountain (RNA) 251
1 Gateway Plaza (GRN) 247
1 Orzhov Guildgate (RNA) 252
2 Plains (XLN) 260
3 Forest (XLN) 276
3 Beanstalk Giant (ELD) 149
4 Once Upon a Time (ELD) 169
2 Realm-Cloaked Giant (ELD) 26
2 Kenrith, the Returned King (ELD) 303
2 Temple of Mystery (M20) 255

3 Veil of Summer (M20) 198
2 Agent of Treachery (M20) 43
2 Deputy of Detention (RNA) 165
2 Tolsimir, Friend to Wolves (WAR) 224
2 Assassin's Trophy (GRN) 152
1 Realm-Cloaked Giant (ELD) 26
1 Divine Visitation (GRN) 10
2 Planar Cleansing (M20) 33",bobbob49#01868 + temar superfriends,"2 Maraleaf Pixie (ELD) 196
4 Gilded Goose (ELD) 160
1 Skarrgan Hellkite (RNA) 114
4 Wicked Wolf (ELD) 181
4 Questing Beast (ELD) 171
2 Domri, Anarch of Bolas (WAR) 191
4 Oko, Thief of Crowns (ELD) 197
3 Sarkhan the Masterless (WAR) 143
2 The Royal Scions (ELD) 199
6 Forest (XLN) 277
2 Island (XLN) 265
2 Mountain (XLN) 273
4 Breeding Pool (RNA) 246
4 Steam Vents (GRN) 257
4 Stomping Ground (RNA) 259
3 Temple of Epiphany (M20) 253
4 Paradise Druid (WAR) 171
3 Nissa, Who Shakes the World (WAR) 169
2 Bonecrusher Giant (ELD) 115

2 Shifting Ceratops (M20) 194
2 Disdainful Stroke (GRN) 37
3 Flame Sweep (M20) 139
3 Aether Gust (M20) 42
2 Negate (M20) 69
1 Bonecrusher Giant (ELD) 115
2 Thrashing Brontodon (M20) 197"
10/23/2019 18:25:53,Kenteferi,Jamatt12#66804 Cavalcade,"3 Tibalt, Rakish Instigator (WAR) 146
4 Scorch Spitter (M20) 159
2 Runaway Steam-Kin (GRN) 115
3 Fervent Champion (ELD) 124
3 Bonecrusher Giant (ELD) 115
4 Tin Street Dodger (RNA) 120
3 Torbran, Thane of Red Fell (ELD) 147
4 Rimrock Knight (ELD) 137
4 Light Up the Stage (RNA) 107
4 Cavalcade of Calamity (RNA) 95
21 Mountain (MI) 0
1 Gingerbrute (ELD) 219
2 Robber of the Rich (ELD) 138
2 Chandra, Acolyte of Flame (M20) 126

3 Experimental Frenzy (GRN) 99
2 Slaying Fire (ELD) 143
4 Shock (M19) 156
4 Legion Warboss (GRN) 109
2 Redcap Melee (ELD) 135
",PlsNerfThis#31324 Izzet Pheonix?,"2 Augur of Bolas (WAR) 41
12 Island (ELD) 257
3 Arclight Phoenix (GRN) 91
3 Goblin Electromancer (GRN) 174
10 Mountain (ELD) 265
1 Steam Vents (GRN) 257
1 Temple of Epiphany (M20) 253
2 Beacon Bolt (GRN) 154
2 Niv-Mizzet, Parun (GRN) 192
2 Wall of Runes (WAR) 75
1 Jace, Wielder of Mysteries (WAR) 54
1 The Magic Mirror (ELD) 51
3 Thrill of Possibility (ELD) 146
3 Anticipate (M19) 44
3 Quench (RNA) 48
3 Lava Coil (GRN) 108
3 Tamiyo's Epiphany (WAR) 71
3 Sinister Sabotage (GRN) 54
2 Ral, Storm Conduit (WAR) 211

2 Wall of Runes (WAR) 75
2 Clear the Mind (RNA) 34
3 Expansion // Explosion (GRN) 224
3 Opt (XLN) 65
4 Merfolk Secretkeeper (ELD) 53
1 Jace, Wielder of Mysteries (WAR) 54",Jelly_McMuffin#64863 Orzhov Syndicate 2.0,"1 Seraph of the Scales (RNA) 205
1 Basilica Bell-Haunt (RNA) 156
2 Consecrate // Consume (RNA) 224
3 Cruel Celebrant (WAR) 188
2 Despark (WAR) 190
1 Teysa Karlov (RNA) 212
1 Kaya's Wrath (RNA) 187
2 Mortify (RNA) 192
1 Revival // Revenge (RNA) 228
1 Priest of Forgotten Gods (RNA) 83
2 Orzhov Enforcer (RNA) 79
2 Ministrant of Obligation (RNA) 16
2 Grasping Thrull (RNA) 177
1 Vindictive Vampire (RNA) 90
2 Plaguecrafter (GRN) 82
3 Pitiless Pontiff (RNA) 194
1 Unlikely Aid (WAR) 109
1 Godless Shrine (RNA) 248
4 Orzhov Guildgate (RNA) 253
10 Plains (RNA) 260
10 Swamp (RNA) 262
2 Knight of Sorrows (RNA) 14
2 Inspiring Captain (M20) 25
2 Herald of the Sun (M20) 23
1 Brought Back (M20) 9

4 Luminous Bonds (RIX) 12
1 Glass Casket (ELD) 15
1 Realm-Cloaked Giant (ELD) 26
2 Take Vengeance (M19) 40
2 Summary Judgment (RNA) 24
1 Tithe Taker (RNA) 27
1 Archon of Absolution (ELD) 3"
10/23/2019 18:30:26,TeamFirstPickBear,MarksmanPZ#45270 Simic Ramp,"4 Oko, Thief of Crowns (ELD) 197
6 Island (WAR) 255
4 Breeding Pool (RNA) 246
4 Maraleaf Pixie (ELD) 196
4 Gilded Goose (ELD) 160
4 Once Upon a Time (ELD) 169
4 Wicked Wolf (ELD) 181
3 Questing Beast (ELD) 171
3 Brazen Borrower (ELD) 39
4 Nissa, Who Shakes the World (WAR) 169
1 Return of the Wildspeaker (ELD) 172
10 Forest (WAR) 262
4 Temple of Mystery (M20) 255
4 Paradise Druid (WAR) 171
1 Trail of Crumbs (ELD) 179

3 Veil of Summer (M20) 198
3 Aether Gust (M20) 42
4 Disdainful Stroke (GRN) 37
3 Voracious Hydra (M20) 200
2 Thrashing Brontodon (M20) 197",fire_escapism#42758  cavalcade,"3 Tibalt, Rakish Instigator (WAR) 146
4 Scorch Spitter (M20) 159
4 Runaway Steam-Kin (GRN) 115
4 Fervent Champion (ELD) 124
4 Bonecrusher Giant (ELD) 115
4 Tin Street Dodger (RNA) 120
4 Torbran, Thane of Red Fell (ELD) 147
4 Rimrock Knight (ELD) 137
4 Light Up the Stage (RNA) 107
4 Cavalcade of Calamity (RNA) 95
18 Mountain (XLN) 273
3 Castle Embereth (ELD) 239

3 Experimental Frenzy (GRN) 99
4 Lava Coil (GRN) 108
4 Shock (M19) 156
4 Legion Warboss (GRN) 109",JonyMagic#20512 Golos Fires,"1 Simic Guildgate (RNA) 257
4 Field of the Dead (M20) 247
2 Fabled Passage (ELD) 244
1 Forest (ELD) 266
1 Plaza of Harmony (RNA) 254
1 Boros Guildgate (GRN) 243
1 Azorius Guildgate (RNA) 243
2 Thornwood Falls (ELD) 313
1 Golgari Guildgate (GRN) 248
1 Hallowed Fountain (RNA) 251
2 Island (ELD) 254
1 Temple of Epiphany (M20) 253
1 Mountain (ELD) 262
2 Temple Garden (GRN) 258
1 Plains (ELD) 250
1 Swamp (ELD) 258
1 Selesnya Guildgate (GRN) 255
2 Stomping Ground (RNA) 259
2 Steam Vents (GRN) 257
4 Fires of Invention (ELD) 125
4 Deafening Clarion (GRN) 165
4 Circuitous Route (GRN) 125
1 Time Wipe (WAR) 223
4 Growth Spiral (RNA) 178
3 Fae of Wishes (ELD) 44
3 Beanstalk Giant (ELD) 149
3 Golos, Tireless Pilgrim (M20) 226
3 Hydroid Krasis (RNA) 183
2 Kenrith, the Returned King (ELD) 303
1 Agent of Treachery (M20) 43

1 Teferi, Time Raveler (WAR) 221
2 Devout Decree (M20) 13
1 Unmoored Ego (GRN) 212
1 Casualties of War (WAR) 187
1 Chance for Glory (GRN) 159
1 Prison Realm (WAR) 26
1 Thousand-Year Storm (GRN) 207
1 Planar Cleansing (M20) 33
1 Planewide Celebration (WAR) 172
1 Shared Summons (M20) 193
1 Nicol Bolas, Dragon-God (WAR) 207
2 Time Wipe (WAR) 223
1 Agent of Treachery (M20) 43"
10/23/2019 18:30:57,Helios,Millerbond#73019 Gruul Aggro,"2 Kraul Harpooner (GRN) 136
4 Pelt Collector (GRN) 141
3 Skarrgan Hellkite (RNA) 114
4 Gruul Spellbreaker (RNA) 179
4 Zhur-Taa Goblin (RNA) 215
3 Collision // Colossus (RNA) 223
4 Stomping Ground (RNA) 259
4 Paradise Druid (WAR) 171
10 Forest (M19) 278
9 Mountain (XLN) 273
1 Bonecrusher Giant (ELD) 115
2 Embercleave (ELD) 120
4 Once Upon a Time (ELD) 169
3 Questing Beast (ELD) 171
3 Domri, Chaos Bringer (RNA) 166

2 Thrash // Threat (RNA) 229
2 Shock (M20) 160
1 Gruul Locket (RNA) 234
1 Ravager Wurm (RNA) 200
1 Sunder Shaman (RNA) 210
2 Nikya of the Old Ways (RNA) 193
2 Cindervines (RNA) 161
2 Rhythm of the Wild (RNA) 201
1 Savage Smash (RNA) 203
1 Rubble Slinger (RNA) 217
",thebutcher1992#70278 please go easy,"1 Inspiring Commander (ANA) 5
1 Serra's Guardian (M20) 310
2 Serra Angel (ANA) 9
3 Impassioned Orator (RNA) 12
3 Moment of Heroism (M20) 30
3 Pacifism (M20) 32
3 Fencing Ace (M20) 16
3 Angel of Vitality (M20) 4
4 Charmed Stray (WAR) 8
1 Confront the Assault (ANA) 3
1 Angelic Reward (ANA) 1
2 Spiritual Guardian (ANA) 11
2 Tactical Advantage (ANA) 12
2 Bond of Discipline (WAR) 6
1 Meteor Golem (M20) 232
25 Plains (M20) 261
3 Ajani's Pridemate (WAR) 4

1 Healer's Hawk (GRN) 14
1 Impassioned Orator (RNA) 12
4 Scoured Barrens (M20) 251
4 Tranquil Cove (M20) 259
3 Meteor Golem (M20) 232
1 Evolving Wilds (M20) 246





Reply
Forward",Overconfident#28400,"1 Dovin, Architect of Law (RNA) 265
1 Unbreakable Formation (RNA) 29
1 Verity Circle (RNA) 58
2 Dovin's Dismissal (RNA) 267
3 Concordia Pegasus (RNA) 7
2 Prowling Caracal (RNA) 17
2 Spirit of the Spires (RNA) 23
1 Tenth District Veteran (RNA) 26
1 Chillbringer (RNA) 33
2 Senate Courier (RNA) 50
2 Windstorm Drake (RNA) 60
1 Azorius Knight-Arbiter (RNA) 154
4 Elite Arrester (RNA) 266
3 Dovin's Automaton (RNA) 268
4 Azorius Guildgate (RNA) 243
3 Arrester's Zeal (RNA) 4
2 Summary Judgment (RNA) 24
2 Code of Constraint (RNA) 35
1 Sphinx's Insight (RNA) 209
10 Island (RNA) 261
12 Plains (RNA) 260"
10/23/2019 18:31:35,Absolute Units,Raphaelay#94188 simic ramp,"1 Breeding Pool (RNA) 246
1 Disdainful Stroke (GRN) 37
1 Fabled Passage (ELD) 244
7 Island (ELD) 256
1 Incubation // Incongruity (RNA) 226
3 Hydroid Krasis (RNA) 183
1 Fierce Witchstalker (ELD) 154
4 Nissa, Who Shakes the World (WAR) 169
2 Oko, Thief of Crowns (ELD) 197
2 Growth Spiral (RNA) 178
4 Paradise Druid (WAR) 171
2 Gyre Engineer (RNA) 180
10 Forest (M20) 278
1 Castle Vantress (ELD) 242
4 Gingerbrute (ELD) 219
1 Mass Manipulation (RNA) 42
3 Simic Guildgate (RNA) 258
2 Thornwood Falls (M20) 258
2 Voracious Hydra (M20) 200
1 Wakeroot Elemental (M20) 202
1 Veil of Summer (M20) 198
3 Kasmina's Transmutation (WAR) 57
3 Winged Words (M20) 80",Sangiwini#78974,"2 Legion Warboss (GRN) 109
4 Torch Courier (GRN) 119
4 Cavalcade of Calamity (RNA) 95
4 Light Up the Stage (RNA) 107
4 Skewer the Critics (RNA) 115
4 Grim Initiate (WAR) 130
2 Chandra, Acolyte of Flame (M20) 126
4 Chandra's Spitfire (M20) 132
4 Scampering Scorcher (M20) 158
4 Scorch Spitter (M20) 159
4 Shock (M20) 160
20 Mountain (GRN) 263",Mantle#28681 Nuel,"4 Fervent Champion (ELD) 124
18 Mountain (ELD) 265
2 Footlight Fiend (RNA) 216
4 Rimrock Knight (ELD) 137
4 Robber of the Rich (ELD) 138
4 Lava Coil (GRN) 108
4 Tibalt, Rakish Instigator (WAR) 146
4 Infuriate (M20) 145
4 Weaselback Redcap (ELD) 148
2 Slaying Fire (ELD) 143
4 Castle Embereth (ELD) 239
2 Chandra's Pyrohelix (WAR) 120
1 Drakuseth, Maw of Flames (M20) 136
3 Torbran, Thane of Red Fell (ELD) 147"
10/23/2019 18:32:20,Baleful SusStrix,jev#47458 / Gruul is Go,"4 Pelt Collector (GRN) 141
4 Zhur-Taa Goblin (RNA) 215
4 Gruul Spellbreaker (RNA) 179
4 Bonecrusher Giant (ELD) 115
3 Skarrgan Hellkite (RNA) 114
4 Questing Beast (ELD) 171
3 Paradise Druid (WAR) 171
2 Kraul Harpooner (GRN) 136
4 Once Upon a Time (ELD) 169
3 Collision // Colossus (RNA) 223
2 Embercleave (ELD) 120
10 Forest (XLN) 277
9 Mountain (XLN) 273
4 Stomping Ground (RNA) 259

2 Veil of Summer (M20) 198
2 Thrashing Brontodon (RIX) 148
2 Redcap Melee (ELD) 135
3 Domri's Ambush (WAR) 192
3 Lovestruck Beast (ELD) 165
3 Scorching Dragonfire (ELD) 139",Phixed#78398 / Simic Flash,"1 Opt (ELD) 59
3 Spectral Sailor (M20) 76
2 Mystical Dispute (ELD) 58
3 Quench (RNA) 48
2 Unsummon (M20) 78
4 Brazen Borrower (ELD) 39
4 Frilled Mystic (RNA) 174
3 Wildborn Preserver (ELD) 182
4 Nightpack Ambusher (M20) 185
4 Brineborn Cutthroat (M20) 50
1 Opt (XLN) 65
2 Negate (M20) 69
4 Sinister Sabotage (GRN) 54
4 Breeding Pool (RNA) 246
8 Island (DAR) 257
1 Castle Vantress (ELD) 242
2 Fabled Passage (ELD) 244
3 Temple of Mystery (M20) 255
5 Forest (XLN) 279

4 Shifting Ceratops (M20) 194
2 Hydroid Krasis (RNA) 183
3 Aether Gust (M20) 42
2 Negate (M20) 69
1 Oko, Thief of Crowns (ELD) 197
2 Disdainful Stroke (GRN) 37
1 Mystical Dispute (ELD) 58
",Shooshoobaba#50604 / Tourney,"3 Fervent Champion (ELD) 124
20 Mountain (ELD) 265
4 Rimrock Knight (ELD) 137
4 Runaway Steam-Kin (GRN) 115
4 Scorch Spitter (M20) 159
4 Tin Street Dodger (RNA) 120
2 Torbran, Thane of Red Fell (ELD) 147
3 Tibalt, Rakish Instigator (WAR) 146
4 Cavalcade of Calamity (RNA) 95
4 Light Up the Stage (RNA) 107
1 Castle Embereth (ELD) 239
4 Legion Warboss (GRN) 109
3 Chandra's Spitfire (M20) 132

4 Lava Coil (GRN) 108
3 Fry (M20) 140
4 Shock (M20) 160
2 Flame Sweep (M20) 139
2 Chandra's Outrage (M20) 130"
10/23/2019 18:50:06,12 GRAND?!?!?!?,JawadJ#52502 + Out For Blood,"2 Disfigure
2 Knight of Ebon Legion
3 Vampire of the Dire Moon
2 Child of Night
1 Dark Remedy
1 Order of Midnight
2 Sorin's Thirst
2 Vampire Opportunist
3 Bloodthirsty Aerialist
3 Murder
1 Savage Gorger
1 Spinal Centipede
1 Retributive Wand
1 Spawn of Mayhem
3 Thirsting Bloodlord
2 Vindictive Vampire
1 Epicure of Blood
1 Gruesome Menagerie
1 Bolas' Citidel
2 Gravewalker
25 Swamp",shurf#27217 + Selesnya Conclave,"Healer's Hawk x2
Take Heart x1
Giant Growth x2
Pelt collector x2
Sedge Scorpion x2
Impassioned Orator x1 
Sunhome Stalwart x1
Barkhide Troll x2
Kraul Harpooner x1
Paradise Druid x1
Rabid Bite x1
Emmara, Soul of the accord x1
Angel of Vitality x1
Arlinn's Wolf x1
Ferocious Pup x1
Generous Stray x1 
Oakenform x1
Centaur Peacemaker x1 
Knight of Autumn x1
Pledge of Unity x1 
Archon of Absolution x1
Fierce Witchstalker x1
Angelic Reward x1
Wolfkin Bond x1
Rosemane centaur x1
Tolsimir, Friend to Wolves x1
Voracious Hydra
plains x9
Forest x10
Blossoming sands x3
Temple Garden x3",UkDragon#76033 + Azure Skies,"2 Spectral Sailor
1 Unsummon
4 Wall of Runes
2 Brineborn Cutthroat
1 Negate
4 Cloudkin Seer
1 Verity Circle
4 Warden of Evos Isle
4 Winged Words
2 Dungeon Gesists
2 Air Elemental 
4 Windstorn Drake
2 Riddlemaster Sphinx
1 Meteor Golem
1 Mass Manipulation
25 Island"
10/23/2019 18:54:14,UEA Wizards,RogueRefiners#35620 U/R Gifts Storm,"4x Foulmire Knight
3x Knight of the Ebon Legion
4x Edgewall Innkeeper
4x Order of Midnight
4x Smitten Swordmaster
1x Assassin’s Trophy
2x Find // Finality
2x Lucky Clover
4x Murderous Rider
4x Lovestruck Beast
4x Questing Beast
1x Vraska, Golgari Queen
1x Cavalier of Knight
9x Swamp
8x Forest
3x Overgrown Tomb
1x Temple of Malady
1x Fabled Passage

SB:
2x Disfigure
4x Duress
2x Wicked Wolf
4x Noxious Grasp
1x The Elderspell
1x Spawn of Mayhem
1x Vraska, Golgari Queen",TakeFiveUEA#81914 Cavalcade Red,"4x Grim Initiate
4x Scorch Spitter
4x Shock
3x Footlight Fiend
4x Gingerbrute
4x Cavalcade of Calamity
4x Chandra’s Spitfire
4x Light Up the Stage
4x Skewer the Critics
2x Tibalt, Rakish Instigator
3x Torbran, Thane of Redfell
2x Castle Embereth
18x Mountain

SB
2x Claim the Firstborn
1x Chandra’s Pyrohelix
4x Lava Coil
2x Robber of the Rich
2x Bonecrusher Giant
1x Legion Warboss
3x Slaying Fire",jess_camp#25100 Simic Flash,"3x Opt
3x Spectral Sailor
1x Unsummon
4x Brineborn Cutthroat
1x Negate 
2x Quench
4x Once Upon a Time
2x Wildborn Preserver
4x Brazen Borrower
2x Mystical Dispute
4x Sinister Sabotage
1x Oko, Thief of Crowns
4x Nightpack Ambusher
4x Frilled Mystic
1x Castle Vantress
7x Island
7x Forest
4x Breeding Pool
2x Temple of Mystery

SB:
2x Veil of Summer
2x Aether Gust
3x Negate
2x Narset
3x Ashiok
2x Shifting Ceratops
1x Hydroid Krasis"
10/23/2019 18:59:46,SecondPickBear,Ninassin#49901 NEUL Mardu Knights,"2 Knight of the Ebon Legion (M20) 105
6 Swamp (ELD) 261
1 Blacklance Paragon (ELD) 79
3 Acclaimed Contender (ELD) 1
7 Mountain (ELD) 265
4 Embercleave (ELD) 120
8 Plains (ELD) 253
4 Rimrock Knight (ELD) 137
4 Inspiring Veteran (ELD) 194
3 Worthy Knight (ELD) 36
4 Corpse Knight (M20) 206
3 Wintermoor Commander (ELD) 205
1 Fervent Champion (ELD) 124
2 Midnight Reaper (GRN) 77
4 Venerable Knight (ELD) 35
1 Godless Shrine (RNA) 248
1 Blood Crypt (RNA) 245
1 Sacred Foundry (GRN) 254
1 Icon of Ancestry (M20) 229

2 Mortify (RNA) 192
2 Murderous Rider (ELD) 97
1 Drill Bit (RNA) 73
1 Blightbeetle (M20) 87
4 Shock (M19) 156
4 Duress (M19) 94
1 Chance for Glory (GRN) 159
",Taka43#76082 Elemental Chaos,"4 Omnath, Locus of the Roil (M20) 216
3 Paradise Druid (WAR) 171
3 Leafkin Druid (M20) 178
2 Stonecoil Serpent (ELD) 235
3 Lava Coil (GRN) 108
4 Risen Reef (M20) 217
2 Shock (M20) 160
2 Circuitous Route (GRN) 125
3 Hydroid Krasis (RNA) 183
2 Cavalier of Gales (M20) 52
3 Gyre Engineer (RNA) 180
3 Nissa, Who Shakes the World (WAR) 169
3 Overgrowth Elemental (M20) 187
1 Unsummon (M20) 78
3 Breeding Pool (RNA) 246
3 Stomping Ground (RNA) 259
1 Temple of Mystery (M20) 255
1 Castle Embereth (ELD) 239
3 Steam Vents (GRN) 257
3 Forest (ELD) 266
2 Island (ANA) 57
2 Mountain (ANA) 59
2 Mu Yanling, Sky Dancer (M20) 68
1 Castle Garenbrig (ELD) 240
1 Castle Vantress (ELD) 242

1 Voracious Hydra (M20) 200
2 Veil of Summer (M20) 198
2 Gargos, Vicious Watcher (M20) 172
2 Vivien, Arkbow Ranger (M20) 199
2 Drakuseth, Maw of Flames (M20) 136
3 Chillbringer (RNA) 33
3 Cerulean Drake (M20) 53",GreyClatter#13422 Ozov,"4 Ajani's Pridemate (WAR) 4
9 Plains (ELD) 253
1 Ajani, Strength of the Pride (M20) 2
8 Swamp (DAR) 258
1 Murder (M20) 109
4 Impassioned Orator (RNA) 12
1 Cruel Celebrant (WAR) 188
1 Venerated Loxodon (GRN) 30
4 Sorin's Thirst (M20) 325
4 Vampire of the Dire Moon (M20) 120
1 Spawn of Mayhem (RNA) 85
3 Bloodthirsty Aerialist (M20) 91
1 Dawn of Hope (GRN) 8
2 Disfigure (M20) 95
3 Murder (M19) 110
3 Angel of Vitality (M20) 4
1 Giant Killer (ELD) 14
2 Temple of Silence (M20) 256
1 Castle Locthwain (ELD) 241
1 Bolas's Citadel (WAR) 79
1 Basilica Bell-Haunt (RNA) 156
1 Pilfering Imp (GRN) 81
3 Child of Night (GRN) 65

3 Spinal Centipede (GRN) 86
2 Vampire Opportunist (M20) 326
2 Daybreak Chaplain (M19) 10
3 Thirsting Bloodlord (M20) 293
1 Child of Night (GRN) 65
1 Citywide Bust (GRN) 4
3 Luminous Bonds (RIX) 12"